Cement (component 1)(kg in a m^3 mixture),Blast Furnace Slag (component 2)(kg in a m^3 mixture),Fly Ash (component 3)(kg in a m^3 mixture),Water  (component 4)(kg in a m^3 mixture),Superplasticizer (component 5)(kg in a m^3 mixture),Coarse Aggregate  (component 6)(kg in a m^3 mixture),Fine Aggregate (component 7)(kg in a m^3 mixture),Age (day),"Concrete compressive strength(MPa, megapascals) "
0.54,0.0,0.0,0.162,0.025,0.104,0.676,0.028,79.98611076
0.54,0.0,0.0,0.162,0.025,0.1055,0.676,0.028,61.887365759999994
0.3325,0.1425,0.0,0.228,0.0,0.0932,0.594,0.27,40.269535256000005
0.3325,0.1425,0.0,0.228,0.0,0.0932,0.594,0.365,41.052779992
0.1986,0.13240000000000002,0.0,0.192,0.0,0.09784,0.8255,0.36,44.296075096
0.266,0.114,0.0,0.228,0.0,0.0932,0.67,0.09,47.029847436000004
0.38,0.095,0.0,0.228,0.0,0.0932,0.594,0.365,43.698299404
0.38,0.095,0.0,0.228,0.0,0.0932,0.594,0.028,36.447769788
0.266,0.114,0.0,0.228,0.0,0.0932,0.67,0.028,45.854290856
0.475,0.0,0.0,0.228,0.0,0.0932,0.594,0.028,39.28978986
0.1986,0.13240000000000002,0.0,0.192,0.0,0.09784,0.8255,0.09,38.074243671999994
0.1986,0.13240000000000002,0.0,0.192,0.0,0.09784,0.8255,0.028,28.021683592
0.4275,0.0475,0.0,0.228,0.0,0.0932,0.594,0.27,43.01296026
0.19,0.19,0.0,0.228,0.0,0.0932,0.67,0.09,42.32693164
0.304,0.076,0.0,0.228,0.0,0.0932,0.67,0.028,47.813781648
0.38,0.0,0.0,0.228,0.0,0.0932,0.67,0.09,52.908319811999995
0.1396,0.2094,0.0,0.192,0.0,0.1047,0.8069,0.09,39.358047983999995
0.342,0.038,0.0,0.228,0.0,0.0932,0.67,0.365,56.141962252
0.38,0.095,0.0,0.228,0.0,0.0932,0.594,0.09,40.563252031999994
0.475,0.0,0.0,0.228,0.0,0.0932,0.594,0.18,42.620648416
0.4275,0.0475,0.0,0.228,0.0,0.0932,0.594,0.18,41.836714203999996
0.1396,0.2094,0.0,0.192,0.0,0.1047,0.8069,0.028,28.23748958
0.1396,0.2094,0.0,0.192,0.0,0.1047,0.8069,0.003,8.06342182
0.1396,0.2094,0.0,0.192,0.0,0.1047,0.8069,0.18,44.207822168
0.38,0.0,0.0,0.228,0.0,0.0932,0.67,0.365,52.516697443999995
0.38,0.0,0.0,0.228,0.0,0.0932,0.67,0.27,53.300631656
0.38,0.095,0.0,0.228,0.0,0.0932,0.594,0.27,41.15137506
0.342,0.038,0.0,0.228,0.0,0.0932,0.67,0.18,52.1243856
0.4275,0.0475,0.0,0.228,0.0,0.0932,0.594,0.028,37.427515183999994
0.475,0.0,0.0,0.228,0.0,0.0932,0.594,0.007,38.60376124
0.304,0.076,0.0,0.228,0.0,0.0932,0.67,0.365,55.260122448
0.266,0.114,0.0,0.228,0.0,0.0932,0.67,0.365,52.908319811999995
0.1986,0.13240000000000002,0.0,0.192,0.0,0.09784,0.8255,0.18,41.719503284
0.475,0.0,0.0,0.228,0.0,0.0932,0.594,0.27,42.131120456
0.19,0.19,0.0,0.228,0.0,0.0932,0.67,0.365,53.69225402399999
0.2375,0.2375,0.0,0.228,0.0,0.0932,0.594,0.27,38.407950056000004
0.2375,0.2375,0.0,0.228,0.0,0.0932,0.594,0.028,30.079769451999997
0.3325,0.1425,0.0,0.228,0.0,0.0932,0.594,0.09,37.721921436
0.475,0.0,0.0,0.228,0.0,0.0932,0.594,0.09,42.229026048
0.2375,0.2375,0.0,0.228,0.0,0.0932,0.594,0.18,36.251958603999995
0.342,0.038,0.0,0.228,0.0,0.0932,0.67,0.09,50.45930106
0.4275,0.0475,0.0,0.228,0.0,0.0932,0.594,0.365,43.698299404
0.2375,0.2375,0.0,0.228,0.0,0.0932,0.594,0.365,38.995383608
0.38,0.0,0.0,0.228,0.0,0.0932,0.67,0.18,53.104130996
0.4275,0.0475,0.0,0.228,0.0,0.0932,0.594,0.09,41.542997428
0.4275,0.0475,0.0,0.228,0.0,0.0932,0.594,0.007,35.076402024
0.349,0.0,0.0,0.192,0.0,0.1047,0.8069,0.003,15.049192651999999
0.38,0.095,0.0,0.228,0.0,0.0932,0.594,0.18,40.759063216
0.2375,0.2375,0.0,0.228,0.0,0.0932,0.594,0.007,26.258003984
0.38,0.095,0.0,0.228,0.0,0.0932,0.594,0.007,32.823194456
0.3325,0.1425,0.0,0.228,0.0,0.0932,0.594,0.18,39.779317819999996
0.19,0.19,0.0,0.228,0.0,0.0932,0.67,0.18,46.931941843999994
0.2375,0.2375,0.0,0.228,0.0,0.0932,0.594,0.09,33.116911232
0.304,0.076,0.0,0.228,0.0,0.0932,0.67,0.09,49.185149411999994
0.1396,0.2094,0.0,0.192,0.0,0.1047,0.8069,0.007,14.589312159999999
0.1986,0.13240000000000002,0.0,0.192,0.0,0.09784,0.8255,0.007,14.638264955999999
0.475,0.0,0.0,0.228,0.0,0.0932,0.594,0.365,41.934619796
0.1986,0.13240000000000002,0.0,0.192,0.0,0.09784,0.8255,0.003,9.131420144
0.304,0.076,0.0,0.228,0.0,0.0932,0.67,0.18,50.94882902
0.3325,0.1425,0.0,0.228,0.0,0.0932,0.594,0.028,33.019005639999996
0.304,0.076,0.0,0.228,0.0,0.0932,0.67,0.27,54.378282643999995
0.266,0.114,0.0,0.228,0.0,0.0932,0.67,0.27,51.732763231999996
0.31,0.0,0.0,0.192,0.0,0.0971,0.8506,0.003,9.86640156
0.19,0.19,0.0,0.228,0.0,0.0932,0.67,0.27,50.655112243999994
0.266,0.114,0.0,0.228,0.0,0.0932,0.67,0.18,48.695621452
0.342,0.038,0.0,0.228,0.0,0.0932,0.67,0.27,55.064311264
0.1396,0.2094,0.0,0.192,0.0,0.1047,0.8069,0.36,44.698039603999995
0.3325,0.1425,0.0,0.228,0.0,0.0932,0.594,0.007,30.275580636
0.19,0.19,0.0,0.228,0.0,0.0932,0.67,0.028,40.856968808
0.485,0.0,0.0,0.146,0.0,0.112,0.8,0.028,71.98818916
0.374,0.18919999999999998,0.0,0.1701,0.10099999999999999,0.09261,0.7567,0.003,34.39795764
0.3133,0.2622,0.0,0.1755,0.086,0.10469,0.6117999999999999,0.003,28.79941252
0.425,0.10629999999999999,0.0,0.1535,0.165,0.08521000000000001,0.8871,0.003,33.398217439999996
0.425,0.10629999999999999,0.0,0.1514,0.18600000000000003,0.0936,0.8037000000000001,0.003,36.3009114
0.375,0.0938,0.0,0.1266,0.23399999999999999,0.08521000000000001,0.9926,0.003,28.99936056
0.475,0.1188,0.0,0.18109999999999998,0.08900000000000001,0.08521000000000001,0.7815,0.003,37.79707432
0.469,0.1172,0.0,0.1378,0.322,0.08521000000000001,0.8405,0.003,40.1964508
0.425,0.10629999999999999,0.0,0.1535,0.165,0.08521000000000001,0.8871,0.003,33.398217439999996
0.3886,0.09709999999999999,0.0,0.1579,0.121,0.08521000000000001,0.9257000000000001,0.003,28.096147
0.5313,0.0,0.0,0.1418,0.282,0.08521000000000001,0.8937,0.003,41.2996124
0.425,0.10629999999999999,0.0,0.1535,0.165,0.08521000000000001,0.8871,0.003,33.398217439999996
0.31880000000000003,0.2125,0.0,0.15569999999999998,0.14300000000000002,0.08521000000000001,0.8804,0.003,25.2003478
0.4018,0.0947,0.0,0.1474,0.114,0.09468,0.8521,0.003,41.09966436
0.36260000000000003,0.189,0.0,0.16490000000000002,0.11599999999999999,0.09447,0.7557999999999999,0.003,35.3011712
0.3237,0.2828,0.0,0.18380000000000002,0.10300000000000001,0.09427,0.6598999999999999,0.003,28.296095039999997
0.3795,0.1512,0.0,0.1539,0.159,0.11342999999999999,0.605,0.003,28.599464479999998
0.36260000000000003,0.189,0.0,0.16490000000000002,0.11599999999999999,0.09447,0.7557999999999999,0.003,35.3011712
0.2863,0.2009,0.0,0.1447,0.11199999999999999,0.10046000000000001,0.8037000000000001,0.003,24.40055564
0.36260000000000003,0.189,0.0,0.16490000000000002,0.11599999999999999,0.09447,0.7557999999999999,0.003,35.3011712
0.439,0.177,0.0,0.186,0.111,0.08849,0.7079,0.003,39.300132
0.38989999999999997,0.189,0.0,0.1459,0.22,0.09447,0.7557999999999999,0.003,40.59634688
0.36260000000000003,0.189,0.0,0.16490000000000002,0.11599999999999999,0.09447,0.7557999999999999,0.003,35.3011712
0.3379,0.189,0.0,0.1749,0.095,0.09447,0.7557999999999999,0.003,24.0971862
0.374,0.18919999999999998,0.0,0.1701,0.10099999999999999,0.09261,0.7567,0.007,46.20178676
0.3133,0.2622,0.0,0.1755,0.086,0.10469,0.6117999999999999,0.007,42.79577532
0.425,0.10629999999999999,0.0,0.1535,0.165,0.08521000000000001,0.8871,0.007,49.20100736
0.425,0.10629999999999999,0.0,0.1514,0.18600000000000003,0.0936,0.8037000000000001,0.007,46.80163088
0.375,0.0938,0.0,0.1266,0.23399999999999999,0.08521000000000001,0.9926,0.007,45.69846928
0.475,0.1188,0.0,0.18109999999999998,0.08900000000000001,0.08521000000000001,0.7815,0.007,55.59934464
0.469,0.1172,0.0,0.1378,0.322,0.08521000000000001,0.8405,0.007,54.896079119999996
0.425,0.10629999999999999,0.0,0.1535,0.165,0.08521000000000001,0.8871,0.007,49.20100736
0.3886,0.09709999999999999,0.0,0.1579,0.121,0.08521000000000001,0.9257000000000001,0.007,34.90127512
0.5313,0.0,0.0,0.1418,0.282,0.08521000000000001,0.8937,0.007,46.89815752
0.425,0.10629999999999999,0.0,0.1535,0.165,0.08521000000000001,0.8871,0.007,49.20100736
0.31880000000000003,0.2125,0.0,0.15569999999999998,0.14300000000000002,0.08521000000000001,0.8804,0.007,33.398217439999996
0.4018,0.0947,0.0,0.1474,0.114,0.09468,0.8521,0.007,54.09628696
0.36260000000000003,0.189,0.0,0.16490000000000002,0.11599999999999999,0.09447,0.7557999999999999,0.007,55.89581932
0.3237,0.2828,0.0,0.18380000000000002,0.10300000000000001,0.09427,0.6598999999999999,0.007,49.80085148
0.3795,0.1512,0.0,0.1539,0.159,0.11342999999999999,0.605,0.007,47.09810556
0.36260000000000003,0.189,0.0,0.16490000000000002,0.11599999999999999,0.09447,0.7557999999999999,0.007,55.89581932
0.2863,0.2009,0.0,0.1447,0.11199999999999999,0.10046000000000001,0.8037000000000001,0.007,37.997022359999995
0.36260000000000003,0.189,0.0,0.16490000000000002,0.11599999999999999,0.09447,0.7557999999999999,0.007,55.89581932
0.439,0.177,0.0,0.186,0.111,0.08849,0.7079,0.007,56.095767359999996
0.38989999999999997,0.189,0.0,0.1459,0.22,0.09447,0.7557999999999999,0.007,59.09498796
0.36260000000000003,0.189,0.0,0.16490000000000002,0.11599999999999999,0.09447,0.7557999999999999,0.007,22.89749796
0.3379,0.189,0.0,0.1749,0.095,0.09447,0.7557999999999999,0.007,35.101223159999996
0.374,0.18919999999999998,0.0,0.1701,0.10099999999999999,0.09261,0.7567,0.028,61.09446836
0.3133,0.2622,0.0,0.1755,0.086,0.10469,0.6117999999999999,0.028,59.79825348
0.425,0.10629999999999999,0.0,0.1535,0.165,0.08521000000000001,0.8871,0.028,60.2946762
0.425,0.10629999999999999,0.0,0.1514,0.18600000000000003,0.0936,0.8037000000000001,0.028,61.797733879999996
0.375,0.0938,0.0,0.1266,0.23399999999999999,0.08521000000000001,0.9926,0.028,56.69561148
0.475,0.1188,0.0,0.18109999999999998,0.08900000000000001,0.08521000000000001,0.7815,0.028,68.29949256
0.469,0.1172,0.0,0.1378,0.322,0.08521000000000001,0.8405,0.028,66.89985628
0.425,0.10629999999999999,0.0,0.1535,0.165,0.08521000000000001,0.8871,0.028,60.2946762
0.3886,0.09709999999999999,0.0,0.1579,0.121,0.08521000000000001,0.9257000000000001,0.028,50.69717028
0.5313,0.0,0.0,0.1418,0.282,0.08521000000000001,0.8937,0.028,56.3991368
0.425,0.10629999999999999,0.0,0.1535,0.165,0.08521000000000001,0.8871,0.028,60.2946762
0.31880000000000003,0.2125,0.0,0.15569999999999998,0.14300000000000002,0.08521000000000001,0.8804,0.028,55.495923239999996
0.4018,0.0947,0.0,0.1474,0.114,0.09468,0.8521,0.028,68.4994406
0.36260000000000003,0.189,0.0,0.16490000000000002,0.11599999999999999,0.09447,0.7557999999999999,0.028,71.29871315999999
0.3237,0.2828,0.0,0.18380000000000002,0.10300000000000001,0.09427,0.6598999999999999,0.028,74.69782984
0.3795,0.1512,0.0,0.1539,0.159,0.11342999999999999,0.605,0.028,52.20022796
0.36260000000000003,0.189,0.0,0.16490000000000002,0.11599999999999999,0.09447,0.7557999999999999,0.028,71.29871315999999
0.2863,0.2009,0.0,0.1447,0.11199999999999999,0.10046000000000001,0.8037000000000001,0.028,67.69964844
0.36260000000000003,0.189,0.0,0.16490000000000002,0.11599999999999999,0.09447,0.7557999999999999,0.028,71.29871315999999
0.439,0.177,0.0,0.186,0.111,0.08849,0.7079,0.028,65.99664272
0.38989999999999997,0.189,0.0,0.1459,0.22,0.09447,0.7557999999999999,0.028,74.4978818
0.36260000000000003,0.189,0.0,0.16490000000000002,0.11599999999999999,0.09447,0.7557999999999999,0.028,71.29871315999999
0.3379,0.189,0.0,0.1749,0.095,0.09447,0.7557999999999999,0.028,49.89737812
0.374,0.18919999999999998,0.0,0.1701,0.10099999999999999,0.09261,0.7567,0.056,63.3973182
0.3133,0.2622,0.0,0.1755,0.086,0.10469,0.6117999999999999,0.056,64.90037588
0.425,0.10629999999999999,0.0,0.1535,0.165,0.08521000000000001,0.8871,0.056,64.30053176
0.425,0.10629999999999999,0.0,0.1514,0.18600000000000003,0.0936,0.8037000000000001,0.056,64.90037588
0.375,0.0938,0.0,0.1266,0.23399999999999999,0.08521000000000001,0.9926,0.056,60.19814956
0.475,0.1188,0.0,0.18109999999999998,0.08900000000000001,0.08521000000000001,0.7815,0.056,72.29845336
0.469,0.1172,0.0,0.1378,0.322,0.08521000000000001,0.8405,0.056,69.29923276
0.425,0.10629999999999999,0.0,0.1535,0.165,0.08521000000000001,0.8871,0.056,64.30053176
0.3886,0.09709999999999999,0.0,0.1579,0.121,0.08521000000000001,0.9257000000000001,0.056,55.19944856
0.5313,0.0,0.0,0.1418,0.282,0.08521000000000001,0.8937,0.056,58.798513279999995
0.425,0.10629999999999999,0.0,0.1535,0.165,0.08521000000000001,0.8871,0.056,64.30053176
0.31880000000000003,0.2125,0.0,0.15569999999999998,0.14300000000000002,0.08521000000000001,0.8804,0.056,66.10006412
0.4018,0.0947,0.0,0.1474,0.114,0.09468,0.8521,0.056,73.69808963999999
0.36260000000000003,0.189,0.0,0.16490000000000002,0.11599999999999999,0.09447,0.7557999999999999,0.056,77.29715436
0.3237,0.2828,0.0,0.18380000000000002,0.10300000000000001,0.09427,0.6598999999999999,0.056,80.19984832
0.3795,0.1512,0.0,0.1539,0.159,0.11342999999999999,0.605,0.056,54.896079119999996
0.36260000000000003,0.189,0.0,0.16490000000000002,0.11599999999999999,0.09447,0.7557999999999999,0.056,77.29715436
0.2863,0.2009,0.0,0.1447,0.11199999999999999,0.10046000000000001,0.8037000000000001,0.056,72.99482412
0.36260000000000003,0.189,0.0,0.16490000000000002,0.11599999999999999,0.09447,0.7557999999999999,0.056,77.29715436
0.439,0.177,0.0,0.186,0.111,0.08849,0.7079,0.056,71.69860924
0.38989999999999997,0.189,0.0,0.1459,0.22,0.09447,0.7557999999999999,0.056,79.40005615999999
0.36260000000000003,0.189,0.0,0.16490000000000002,0.11599999999999999,0.09447,0.7557999999999999,0.056,77.29715436
0.3379,0.189,0.0,0.1749,0.095,0.09447,0.7557999999999999,0.056,59.89478012
0.374,0.18919999999999998,0.0,0.1701,0.10099999999999999,0.09261,0.7567,0.091,64.90037588
0.3133,0.2622,0.0,0.1755,0.086,0.10469,0.6117999999999999,0.091,66.59648684
0.425,0.10629999999999999,0.0,0.1535,0.165,0.08521000000000001,0.8871,0.091,65.19685056
0.425,0.10629999999999999,0.0,0.1514,0.18600000000000003,0.0936,0.8037000000000001,0.091,66.69990824
0.375,0.0938,0.0,0.1266,0.23399999999999999,0.08521000000000001,0.9926,0.091,62.5009994
0.475,0.1188,0.0,0.18109999999999998,0.08900000000000001,0.08521000000000001,0.7815,0.091,74.19451236
0.469,0.1172,0.0,0.1378,0.322,0.08521000000000001,0.8405,0.091,70.69886903999999
0.425,0.10629999999999999,0.0,0.1535,0.165,0.08521000000000001,0.8871,0.091,65.19685056
0.3886,0.09709999999999999,0.0,0.1579,0.121,0.08521000000000001,0.9257000000000001,0.091,57.59882504
0.5313,0.0,0.0,0.1418,0.282,0.08521000000000001,0.8937,0.091,59.19840936
0.425,0.10629999999999999,0.0,0.1535,0.165,0.08521000000000001,0.8871,0.091,65.19685056
0.31880000000000003,0.2125,0.0,0.15569999999999998,0.14300000000000002,0.08521000000000001,0.8804,0.091,68.09954452
0.4018,0.0947,0.0,0.1474,0.114,0.09468,0.8521,0.091,75.49762199999999
0.36260000000000003,0.189,0.0,0.16490000000000002,0.11599999999999999,0.09447,0.7557999999999999,0.091,79.29663476
0.3795,0.1512,0.0,0.1539,0.159,0.11342999999999999,0.605,0.091,56.49566344
0.36260000000000003,0.189,0.0,0.16490000000000002,0.11599999999999999,0.09447,0.7557999999999999,0.091,79.29663476
0.2863,0.2009,0.0,0.1447,0.11199999999999999,0.10046000000000001,0.8037000000000001,0.091,76.80073164
0.36260000000000003,0.189,0.0,0.16490000000000002,0.11599999999999999,0.09447,0.7557999999999999,0.091,79.29663476
0.439,0.177,0.0,0.186,0.111,0.08849,0.7079,0.091,73.29819356
0.38989999999999997,0.189,0.0,0.1459,0.22,0.09447,0.7557999999999999,0.091,82.5992248
0.36260000000000003,0.189,0.0,0.16490000000000002,0.11599999999999999,0.09447,0.7557999999999999,0.091,79.29663476
0.3379,0.189,0.0,0.1749,0.095,0.09447,0.7557999999999999,0.091,67.79617508
0.22236,0.0,0.09667,0.18928999999999999,0.0446,0.096708,0.8703200000000001,0.003,11.57630204
0.22236,0.0,0.09667,0.18928999999999999,0.0446,0.096708,0.8703200000000001,0.014,24.44881896
0.22236,0.0,0.09667,0.18928999999999999,0.0446,0.096708,0.8703200000000001,0.028,24.8900836
0.22236,0.0,0.09667,0.18928999999999999,0.0446,0.096708,0.8703200000000001,0.056,29.447519959999997
0.22236,0.0,0.09667,0.18928999999999999,0.0446,0.096708,0.8703200000000001,0.1,40.7135578
0.23381,0.0,0.09458,0.19788999999999998,0.04567,0.094704,0.8521599999999999,0.003,10.38350856
0.23381,0.0,0.09458,0.19788999999999998,0.04567,0.094704,0.8521599999999999,0.014,22.13907436
0.23381,0.0,0.09458,0.19788999999999998,0.04567,0.094704,0.8521599999999999,0.028,22.83544512
0.23381,0.0,0.09458,0.19788999999999998,0.04567,0.094704,0.8521599999999999,0.056,27.66177712
0.23381,0.0,0.09458,0.19788999999999998,0.04567,0.094704,0.8521599999999999,0.1,34.55653712
0.19468000000000002,0.0,0.10052,0.16562000000000002,0.0748,0.10064,0.9058999999999999,0.003,12.45193656
0.19468000000000002,0.0,0.10052,0.16562000000000002,0.0748,0.10064,0.9058999999999999,0.014,24.986610239999997
0.19468000000000002,0.0,0.10052,0.16562000000000002,0.0748,0.10064,0.9058999999999999,0.028,25.72434956
0.19468000000000002,0.0,0.10052,0.16562000000000002,0.0748,0.10064,0.9058999999999999,0.056,33.963587759999996
0.19468000000000002,0.0,0.10052,0.16562000000000002,0.0748,0.10064,0.9058999999999999,0.1,37.34202016
0.19068000000000002,0.0,0.1254,0.16213999999999998,0.07769999999999999,0.109,0.80401,0.003,15.04436632
0.19068000000000002,0.0,0.1254,0.16213999999999998,0.07769999999999999,0.109,0.80401,0.014,21.063491799999998
0.19068000000000002,0.0,0.1254,0.16213999999999998,0.07769999999999999,0.109,0.80401,0.028,26.40003604
0.19068000000000002,0.0,0.1254,0.16213999999999998,0.07769999999999999,0.109,0.80401,0.056,35.34253976
0.19068000000000002,0.0,0.1254,0.16213999999999998,0.07769999999999999,0.109,0.80401,0.1,40.56876784
0.21206999999999998,0.0,0.12162,0.18031,0.056900000000000006,0.10575999999999999,0.77932,0.003,12.47262084
0.21206999999999998,0.0,0.12162,0.18031,0.056900000000000006,0.10575999999999999,0.77932,0.014,20.91870184
0.21206999999999998,0.0,0.12162,0.18031,0.056900000000000006,0.10575999999999999,0.77932,0.028,24.90387312
0.21206999999999998,0.0,0.12162,0.18031,0.056900000000000006,0.10575999999999999,0.77932,0.056,34.20490436
0.21206999999999998,0.0,0.12162,0.18031,0.056900000000000006,0.10575999999999999,0.77932,0.1,39.6103962
0.22997,0.0,0.11831,0.19547,0.0463,0.10294,0.75859,0.003,10.0318758
0.22997,0.0,0.11831,0.19547,0.0463,0.10294,0.75859,0.014,20.08443588
0.22997,0.0,0.11831,0.19547,0.0463,0.10294,0.75859,0.028,24.483292759999998
0.22997,0.0,0.11831,0.19547,0.0463,0.10294,0.75859,0.056,31.53663224
0.22997,0.0,0.11831,0.19547,0.0463,0.10294,0.75859,0.1,35.34253976
0.19034,0.0,0.12518,0.16185,0.09880000000000001,0.10880999999999999,0.80259,0.003,9.4458212
0.19034,0.0,0.12518,0.16185,0.09880000000000001,0.10880999999999999,0.80259,0.014,22.718234199999998
0.19034,0.0,0.12518,0.16185,0.09880000000000001,0.10880999999999999,0.80259,0.028,28.46846404
0.19034,0.0,0.12518,0.16185,0.09880000000000001,0.10880999999999999,0.80259,0.056,38.56239268
0.19034,0.0,0.12518,0.16185,0.09880000000000001,0.10880999999999999,0.80259,0.1,40.38950408
0.16609000000000002,0.0,0.16327,0.17646,0.0449,0.10586,0.7800900000000001,0.003,10.76272036
0.16609000000000002,0.0,0.16327,0.17646,0.0449,0.10586,0.7800900000000001,0.014,25.48303296
0.16609000000000002,0.0,0.16327,0.17646,0.0449,0.10586,0.7800900000000001,0.028,21.53923024
0.16609000000000002,0.0,0.16327,0.17646,0.0449,0.10586,0.7800900000000001,0.056,28.62704352
0.16609000000000002,0.0,0.16327,0.17646,0.0449,0.10586,0.7800900000000001,0.1,33.5430074
0.16795,0.04208,0.16383,0.12175,0.0572,0.10587,0.78011,0.003,7.74971024
0.16795,0.04208,0.16383,0.12175,0.0572,0.10587,0.78011,0.014,17.8229546
0.16795,0.04208,0.16383,0.12175,0.0572,0.10587,0.78011,0.028,24.24197616
0.16795,0.04208,0.16383,0.12175,0.0572,0.10587,0.78011,0.056,32.8535314
0.16795,0.04208,0.16383,0.12175,0.0572,0.10587,0.78011,0.1,39.2311844
0.21372,0.09805,0.02451,0.18171,0.06860000000000001,0.10658,0.78538,0.003,17.9953236
0.21372,0.09805,0.02451,0.18171,0.06860000000000001,0.10658,0.78538,0.014,30.38520732
0.21372,0.09805,0.02451,0.18171,0.06860000000000001,0.10658,0.78538,0.028,45.70536404
0.21372,0.09805,0.02451,0.18171,0.06860000000000001,0.10658,0.78538,0.056,50.77301264
0.21372,0.09805,0.02451,0.18171,0.06860000000000001,0.10658,0.78538,0.1,53.90323368
0.21375999999999998,0.09806000000000001,0.02452,0.18174,0.0665,0.1066,0.78552,0.003,13.18278112
0.21375999999999998,0.09806000000000001,0.02452,0.18174,0.0665,0.1066,0.78552,0.014,17.83674412
0.21375999999999998,0.09806000000000001,0.02452,0.18174,0.0665,0.1066,0.78552,0.028,40.2309246
0.21375999999999998,0.09806000000000001,0.02452,0.18174,0.0665,0.1066,0.78552,0.056,47.13257936
0.21375999999999998,0.09806000000000001,0.02452,0.18174,0.0665,0.1066,0.78552,0.1,49.973220479999995
0.22968,0.0,0.11816,0.19523,0.0613,0.10280999999999998,0.75763,0.003,13.35515012
0.22968,0.0,0.11816,0.19523,0.0613,0.10280999999999998,0.75763,0.014,22.31833812
0.22968,0.0,0.11816,0.19523,0.0613,0.10280999999999998,0.75763,0.028,24.53845084
0.22968,0.0,0.11816,0.19523,0.0613,0.10280999999999998,0.75763,0.056,31.35047372
0.22968,0.0,0.11816,0.19523,0.0613,0.10280999999999998,0.75763,0.1,40.85834776
0.23805,0.0,0.09411,0.18666,0.07,0.09499099999999999,0.84701,0.003,19.93275116
0.23805,0.0,0.09411,0.18666,0.07,0.09499099999999999,0.84701,0.014,25.68987576
0.23805,0.0,0.09411,0.18666,0.07,0.09499099999999999,0.84701,0.028,30.2335226
0.23805,0.0,0.09411,0.18666,0.07,0.09499099999999999,0.84701,0.056,39.58971192
0.23805,0.0,0.09411,0.18666,0.07,0.09499099999999999,0.84701,0.1,44.298833
0.25,0.0,0.09569,0.18741999999999998,0.0553,0.09568600000000001,0.86117,0.003,13.817099039999999
0.25,0.0,0.09569,0.18741999999999998,0.0553,0.09568600000000001,0.86117,0.014,24.91766264
0.25,0.0,0.09569,0.18741999999999998,0.0553,0.09568600000000001,0.86117,0.028,29.21999288
0.25,0.0,0.09569,0.18741999999999998,0.0553,0.09568600000000001,0.86117,0.056,38.32797084
0.25,0.0,0.09569,0.18741999999999998,0.0553,0.09568600000000001,0.86117,0.1,42.347615919999996
0.21252000000000001,0.0,0.10037,0.15932,0.08710000000000001,0.10078,0.90359,0.003,13.54130864
0.21252000000000001,0.0,0.10037,0.15932,0.08710000000000001,0.10078,0.90359,0.014,26.310404159999997
0.21252000000000001,0.0,0.10037,0.15932,0.08710000000000001,0.10078,0.90359,0.028,31.640053639999998
0.21252000000000001,0.0,0.10037,0.15932,0.08710000000000001,0.10078,0.90359,0.056,42.54756396
0.21252000000000001,0.0,0.10037,0.15932,0.08710000000000001,0.10078,0.90359,0.1,42.919881
0.21256999999999998,0.0,0.10039000000000001,0.15935,0.10369999999999999,0.10038,0.90379,0.003,13.33446584
0.21256999999999998,0.0,0.10039000000000001,0.15935,0.10369999999999999,0.10038,0.90379,0.014,25.3727168
0.21256999999999998,0.0,0.10039000000000001,0.15935,0.10369999999999999,0.10038,0.90379,0.028,37.404073
0.21256999999999998,0.0,0.10039000000000001,0.15935,0.10369999999999999,0.10038,0.90379,0.056,44.395359639999995
0.21256999999999998,0.0,0.10039000000000001,0.15935,0.10369999999999999,0.10038,0.90379,0.1,47.739318239999996
0.212,0.0,0.12478,0.159,0.0784,0.10854000000000001,0.7995399999999999,0.003,19.519065559999998
0.212,0.0,0.12478,0.159,0.0784,0.10854000000000001,0.7995399999999999,0.014,31.35047372
0.212,0.0,0.12478,0.159,0.0784,0.10854000000000001,0.7995399999999999,0.028,38.500339839999995
0.212,0.0,0.12478,0.159,0.0784,0.10854000000000001,0.7995399999999999,0.056,45.08483564
0.212,0.0,0.12478,0.159,0.0784,0.10854000000000001,0.7995399999999999,0.1,47.8151606
0.23175,0.0,0.12162,0.17396,0.0672,0.10564000000000001,0.7784500000000001,0.003,15.43736764
0.23175,0.0,0.12162,0.17396,0.0672,0.10564000000000001,0.7784500000000001,0.014,26.77235308
0.23175,0.0,0.12162,0.17396,0.0672,0.10564000000000001,0.7784500000000001,0.028,33.72916592
0.23175,0.0,0.12162,0.17396,0.0672,0.10564000000000001,0.7784500000000001,0.056,42.69924868
0.23175,0.0,0.12162,0.17396,0.0672,0.10564000000000001,0.7784500000000001,0.1,45.83636448
0.25137,0.0,0.11827,0.18844999999999998,0.0575,0.10284000000000001,0.75773,0.003,17.22311048
0.25137,0.0,0.11827,0.18844999999999998,0.0575,0.10284000000000001,0.75773,0.014,29.93015316
0.25137,0.0,0.11827,0.18844999999999998,0.0575,0.10284000000000001,0.75773,0.028,29.654362759999998
0.25137,0.0,0.11827,0.18844999999999998,0.0575,0.10284000000000001,0.75773,0.056,36.96970312
0.25137,0.0,0.11827,0.18844999999999998,0.0575,0.10284000000000001,0.75773,0.1,43.58177796
0.25137,0.0,0.11827,0.18844999999999998,0.0635,0.10284000000000001,0.75773,0.003,13.12072828
0.25137,0.0,0.11827,0.18844999999999998,0.0635,0.10284000000000001,0.75773,0.014,24.42813468
0.25137,0.0,0.11827,0.18844999999999998,0.0635,0.10284000000000001,0.75773,0.028,32.66047812
0.25137,0.0,0.11827,0.18844999999999998,0.0635,0.10284000000000001,0.75773,0.056,36.63875464
0.25137,0.0,0.11827,0.18844999999999998,0.0635,0.10284000000000001,0.75773,0.1,44.209201119999996
0.18137999999999999,0.0,0.16701,0.16959,0.0756,0.10555999999999999,0.7777999999999999,0.003,13.62404576
0.18137999999999999,0.0,0.16701,0.16959,0.0756,0.10555999999999999,0.7777999999999999,0.014,21.601283079999998
0.18137999999999999,0.0,0.16701,0.16959,0.0756,0.10555999999999999,0.7777999999999999,0.028,27.77209328
0.18137999999999999,0.0,0.16701,0.16959,0.0756,0.10555999999999999,0.7777999999999999,0.056,35.570066839999996
0.18137999999999999,0.0,0.16701,0.16959,0.0756,0.10555999999999999,0.7777999999999999,0.1,45.3675208
0.18203999999999998,0.04521,0.12197,0.17021,0.0819,0.10594,0.78065,0.003,7.3153403599999995
0.18203999999999998,0.04521,0.12197,0.17021,0.0819,0.10594,0.78065,0.014,21.504756439999998
0.18203999999999998,0.04521,0.12197,0.17021,0.0819,0.10594,0.78065,0.028,31.2677366
0.18203999999999998,0.04521,0.12197,0.17021,0.0819,0.10594,0.78065,0.056,43.49904084
0.18203999999999998,0.04521,0.12197,0.17021,0.0819,0.10594,0.78065,0.1,48.67011084
0.16888,0.04222,0.12425,0.15833000000000003,0.10830000000000001,0.10808,0.79615,0.003,7.3980774799999995
0.16888,0.04222,0.12425,0.15833000000000003,0.10830000000000001,0.10808,0.79615,0.014,23.5111316
0.16888,0.04222,0.12425,0.15833000000000003,0.10830000000000001,0.10808,0.79615,0.028,31.11605188
0.16888,0.04222,0.12425,0.15833000000000003,0.10830000000000001,0.10808,0.79615,0.056,39.14844728
0.16888,0.04222,0.12425,0.15833000000000003,0.10830000000000001,0.10808,0.79615,0.1,48.15300384
0.29035,0.0,0.09618,0.16808,0.0941,0.096118,0.865,0.003,22.50449664
0.29035,0.0,0.09618,0.16808,0.0941,0.096118,0.865,0.014,34.67374804
0.29035,0.0,0.09618,0.16808,0.0941,0.096118,0.865,0.028,34.73580088
0.29035,0.0,0.09618,0.16808,0.0941,0.096118,0.865,0.056,45.08483564
0.29035,0.0,0.09618,0.16808,0.0941,0.096118,0.865,0.1,48.97348028
0.27705,0.0,0.09739,0.1606,0.1183,0.09739,0.87561,0.003,23.13881456
0.27705,0.0,0.09739,0.1606,0.1183,0.09739,0.87561,0.014,41.885667
0.27705,0.0,0.09739,0.1606,0.1183,0.09739,0.87561,0.028,48.28400428
0.27705,0.0,0.09739,0.1606,0.1183,0.09739,0.87561,0.056,51.03501352
0.27705,0.0,0.09739,0.1606,0.1183,0.09739,0.87561,0.1,55.6407132
0.29571,0.0,0.09564,0.17154,0.08869999999999999,0.095514,0.8592000000000001,0.003,22.94576128
0.29571,0.0,0.09564,0.17154,0.08869999999999999,0.095514,0.8592000000000001,0.014,35.2322236
0.29571,0.0,0.09564,0.17154,0.08869999999999999,0.095514,0.8592000000000001,0.028,39.94134468
0.29571,0.0,0.09564,0.17154,0.08869999999999999,0.095514,0.8592000000000001,0.056,48.718374159999996
0.29571,0.0,0.09564,0.17154,0.08869999999999999,0.095514,0.8592000000000001,0.1,52.04164848
0.25181,0.0,0.09994,0.14614,0.1235,0.1006,0.89976,0.003,21.02212324
0.25181,0.0,0.09994,0.14614,0.1235,0.1006,0.89976,0.014,33.35684888
0.25181,0.0,0.09994,0.14614,0.1235,0.1006,0.89976,0.028,33.94290348
0.25181,0.0,0.09994,0.14614,0.1235,0.1006,0.89976,0.056,44.14025352
0.25181,0.0,0.09994,0.14614,0.1235,0.1006,0.89976,0.1,45.3675208
0.2491,0.0,0.09875,0.15811,0.128,0.098776,0.88901,0.003,15.361525279999999
0.2491,0.0,0.09875,0.15811,0.128,0.098776,0.88901,0.014,28.6822016
0.2491,0.0,0.09875,0.15811,0.128,0.098776,0.88901,0.028,30.84715624
0.2491,0.0,0.09875,0.15811,0.128,0.098776,0.88901,0.056,42.030456959999995
0.2491,0.0,0.09875,0.15811,0.128,0.098776,0.88901,0.1,51.0556978
0.25231,0.0,0.09875,0.14625,0.1417,0.098776,0.88901,0.003,21.78054684
0.25231,0.0,0.09875,0.14625,0.1417,0.098776,0.88901,0.014,42.29245784
0.25231,0.0,0.09875,0.14625,0.1417,0.098776,0.88901,0.028,50.60064364
0.25231,0.0,0.09875,0.14625,0.1417,0.098776,0.88901,0.056,55.82687172
0.25231,0.0,0.09875,0.14625,0.1417,0.098776,0.88901,0.1,60.949678399999996
0.24683000000000002,0.0,0.12508,0.1433,0.1199,0.10868,0.80089,0.003,23.52492112
0.24683000000000002,0.0,0.12508,0.1433,0.1199,0.10868,0.80089,0.014,42.21661548
0.24683000000000002,0.0,0.12508,0.1433,0.1199,0.10868,0.80089,0.028,52.5035974
0.24683000000000002,0.0,0.12508,0.1433,0.1199,0.10868,0.80089,0.056,60.32225524
0.24683000000000002,0.0,0.12508,0.1433,0.1199,0.10868,0.80089,0.1,66.42411784
0.27507,0.0,0.12135,0.15947999999999998,0.099,0.10536,0.7775,0.003,23.80071152
0.27507,0.0,0.12135,0.15947999999999998,0.099,0.10536,0.7775,0.014,38.76923548
0.27507,0.0,0.12135,0.15947999999999998,0.099,0.10536,0.7775,0.028,51.331488199999995
0.27507,0.0,0.12135,0.15947999999999998,0.099,0.10536,0.7775,0.056,56.847296199999995
0.27507,0.0,0.12135,0.15947999999999998,0.099,0.10536,0.7775,0.1,58.60546
0.29716000000000004,0.0,0.11754,0.1748,0.09519999999999999,0.10228,0.7534500000000001,0.003,21.91154728
0.29716000000000004,0.0,0.11754,0.1748,0.09519999999999999,0.10228,0.7534500000000001,0.014,36.990387399999996
0.29716000000000004,0.0,0.11754,0.1748,0.09519999999999999,0.10228,0.7534500000000001,0.028,47.401475
0.29716000000000004,0.0,0.11754,0.1748,0.09519999999999999,0.10228,0.7534500000000001,0.056,51.95891136
0.29716000000000004,0.0,0.11754,0.1748,0.09519999999999999,0.10228,0.7534500000000001,0.1,56.7438748
0.21374,0.0,0.17474,0.15478999999999998,0.1016,0.10535,0.77635,0.003,17.57474324
0.21374,0.0,0.17474,0.15478999999999998,0.1016,0.10535,0.77635,0.014,33.72916592
0.21374,0.0,0.17474,0.15478999999999998,0.1016,0.10535,0.77635,0.028,40.14818748
0.21374,0.0,0.17474,0.15478999999999998,0.1016,0.10535,0.77635,0.056,46.6430514
0.21374,0.0,0.17474,0.15478999999999998,0.1016,0.10535,0.77635,0.1,50.07664188
0.2135,0.0,0.17424,0.15461000000000003,0.1166,0.10522999999999999,0.7754800000000001,0.003,17.36790044
0.2135,0.0,0.17424,0.15461000000000003,0.1166,0.10522999999999999,0.7754800000000001,0.014,33.70158688
0.2135,0.0,0.17424,0.15461000000000003,0.1166,0.10522999999999999,0.7754800000000001,0.028,45.939785879999995
0.2135,0.0,0.17424,0.15461000000000003,0.1166,0.10522999999999999,0.7754800000000001,0.056,51.4349096
0.2135,0.0,0.17424,0.15461000000000003,0.1166,0.10522999999999999,0.7754800000000001,0.1,59.30183076
0.27719,0.09781999999999999,0.024460000000000003,0.16069999999999998,0.1119,0.10617,0.78246,0.003,30.44726016
0.27719,0.09781999999999999,0.024460000000000003,0.16069999999999998,0.1119,0.10617,0.78246,0.014,47.7117392
0.27719,0.09781999999999999,0.024460000000000003,0.16069999999999998,0.1119,0.10617,0.78246,0.028,63.14221208
0.27719,0.09781999999999999,0.024460000000000003,0.16069999999999998,0.1119,0.10617,0.78246,0.056,66.82401392
0.27719,0.09781999999999999,0.024460000000000003,0.16069999999999998,0.1119,0.10617,0.78246,0.1,66.9481196
0.21822999999999998,0.05464,0.12378,0.14075,0.1191,0.10757,0.79267,0.003,27.42046052
0.21822999999999998,0.05464,0.12378,0.14075,0.1191,0.10757,0.79267,0.014,35.9561734
0.21822999999999998,0.05464,0.12378,0.14075,0.1191,0.10757,0.79267,0.028,55.50971276
0.21822999999999998,0.05464,0.12378,0.14075,0.1191,0.10757,0.79267,0.056,61.99078716
0.21822999999999998,0.05464,0.12378,0.14075,0.1191,0.10757,0.79267,0.1,63.528318639999995
0.2149,0.0538,0.12189,0.15563,0.09609999999999999,0.10142999999999999,0.78058,0.003,18.01600788
0.2149,0.0538,0.12189,0.15563,0.09609999999999999,0.10142999999999999,0.78058,0.014,38.60376124
0.2149,0.0538,0.12189,0.15563,0.09609999999999999,0.10142999999999999,0.78058,0.028,52.20022796
0.2149,0.0538,0.12189,0.15563,0.09609999999999999,0.10142999999999999,0.78058,0.056,53.95839176
0.2149,0.0538,0.12189,0.15563,0.09609999999999999,0.10142999999999999,0.78058,0.1,56.63355864
0.21885,0.0,0.12412999999999999,0.15849000000000002,0.1133,0.10787000000000001,0.79491,0.003,15.340841
0.21885,0.0,0.12412999999999999,0.15849000000000002,0.1133,0.10787000000000001,0.79491,0.014,26.04840328
0.21885,0.0,0.12412999999999999,0.15849000000000002,0.1133,0.10787000000000001,0.79491,0.028,30.219733079999997
0.21885,0.0,0.12412999999999999,0.15849000000000002,0.1133,0.10787000000000001,0.79491,0.056,37.2661778
0.21885,0.0,0.12412999999999999,0.15849000000000002,0.1133,0.10787000000000001,0.79491,0.1,46.2293658
0.376,0.0,0.0,0.21459999999999999,0.0,0.10035,0.76236,0.003,16.27852836
0.376,0.0,0.0,0.21459999999999999,0.0,0.10035,0.76236,0.014,25.62092816
0.376,0.0,0.0,0.21459999999999999,0.0,0.10035,0.76236,0.028,31.971002119999998
0.376,0.0,0.0,0.21459999999999999,0.0,0.10035,0.76236,0.056,36.3009114
0.376,0.0,0.0,0.21459999999999999,0.0,0.10035,0.76236,0.1,43.0577762
0.5,0.0,0.0,0.14,0.04,0.0966,0.853,0.028,67.568648
0.475,0.0,0.059,0.142,0.019,0.1098,0.641,0.028,57.226507999999995
0.315,0.137,0.0,0.145,0.059000000000000004,0.113,0.745,0.028,81.75116932
0.505,0.0,0.06,0.195,0.0,0.103,0.63,0.028,64.0178466
0.451,0.0,0.0,0.165,0.1125,0.103,0.745,0.028,78.80021203999999
0.516,0.0,0.0,0.162,0.08199999999999999,0.0801,0.802,0.028,41.36856
0.52,0.0,0.0,0.17,0.052000000000000005,0.0855,0.855,0.028,60.280886679999995
0.528,0.0,0.0,0.185,0.06860000000000001,0.092,0.72,0.028,56.83350668
0.52,0.0,0.0,0.175,0.052000000000000005,0.087,0.805,0.028,51.021224
0.385,0.0,0.136,0.158,0.2,0.0903,0.768,0.028,55.55108132
0.5001,0.0,0.0,0.2,0.03,0.11244000000000001,0.6132000000000001,0.028,44.13335876
0.4501,0.05,0.0,0.2,0.03,0.11244000000000001,0.6132000000000001,0.028,39.37597436
0.397,0.0172,0.158,0.167,0.20800000000000002,0.0967,0.633,0.028,55.647607959999995
0.333,0.0175,0.163,0.167,0.179,0.0996,0.652,0.028,47.27736932
0.334,0.0176,0.158,0.189,0.153,0.0967,0.633,0.028,44.32641204
0.405,0.0,0.0,0.175,0.0,0.112,0.695,0.028,52.30364936
0.2,0.2,0.0,0.19,0.0,0.1145,0.66,0.028,49.249270679999995
0.516,0.0,0.0,0.162,0.08259999999999999,0.0801,0.802,0.028,41.36856
0.145,0.116,0.119,0.184,0.057,0.0833,0.88,0.028,29.15794004
0.16,0.128,0.122,0.182,0.064,0.0824,0.879,0.028,39.39665864
0.234,0.156,0.0,0.189,0.058499999999999996,0.0981,0.76,0.028,39.300132
0.25,0.18,0.095,0.159,0.09449999999999999,0.086,0.8,0.028,67.86512268
0.475,0.0,0.0,0.162,0.095,0.1044,0.662,0.028,58.522722879999996
0.285,0.19,0.0,0.163,0.076,0.1031,0.685,0.028,53.57917996
0.356,0.119,0.0,0.16,0.09029999999999999,0.1061,0.657,0.028,58.99846132
0.275,0.18,0.12,0.162,0.1035,0.083,0.765,0.028,76.23536132
0.5,0.0,0.0,0.151,0.09,0.1033,0.655,0.028,69.83702404
0.165,2e-05,0.14357,0.16381,0.0,0.10056,0.9008999999999999,0.003,14.39625888
0.165,0.1285,0.1321,0.17506,0.0808,0.10057999999999999,0.7466,0.003,19.41564416
0.17803,0.1298,0.1186,0.17994,0.035699999999999996,0.10073,0.7467999999999999,0.003,20.72564856
0.16735,0.12990000000000002,0.12862,0.17546,0.0779,0.10063,0.7466,0.003,14.94094492
0.17238,0.013609999999999999,0.17237,0.15675999999999998,0.0414,0.10063,0.8563999999999999,0.003,21.29101888
0.17354,0.05005,0.17353,0.16477,0.0647,0.10062,0.7935,0.003,23.07676172
0.167,0.07540000000000001,0.167,0.16403,0.0791,0.10073,0.7701,0.003,15.520104759999999
0.17381,0.09337000000000001,0.15990000000000001,0.17234,0.0973,0.10072,0.7466,0.003,15.81657944
0.19034,0.0,0.12518,0.16661,0.09880000000000001,0.1079,0.7988999999999999,0.003,12.5484632
0.25,0.0,0.09569,0.19184,0.0533,0.09489,0.8572000000000001,0.003,8.48744956
0.2135,0.0,0.17424,0.15921000000000002,0.1166,0.10436,0.7719,0.003,15.60973664
0.19468000000000002,0.0,0.10052,0.17017,0.0748,0.0998,0.9017999999999999,0.003,12.17614616
0.25137,0.0,0.11827,0.19294,0.0575,0.10436,0.7543,0.003,11.98309288
0.165,2e-05,0.14357,0.16381,0.0,0.10056,0.9008999999999999,0.014,16.87837248
0.165,0.1285,0.1321,0.17506,0.0808,0.10057999999999999,0.7466,0.014,33.08795324
0.17803,0.1298,0.1186,0.17994,0.035699999999999996,0.10073,0.7467999999999999,0.014,34.23937816
0.16735,0.12990000000000002,0.12862,0.17546,0.0779,0.10063,0.7466,0.014,31.812422639999998
0.17238,0.013609999999999999,0.17237,0.15675999999999998,0.0414,0.10063,0.8563999999999999,0.014,29.7508894
0.17354,0.05005,0.17353,0.16477,0.0647,0.10062,0.7935,0.014,33.00521612
0.167,0.07540000000000001,0.167,0.16403,0.0791,0.10073,0.7701,0.014,32.90179472
0.17381,0.09337000000000001,0.15990000000000001,0.17234,0.0973,0.10072,0.7466,0.014,29.55094136
0.19034,0.0,0.12518,0.16661,0.09880000000000001,0.1079,0.7988999999999999,0.014,19.41564416
0.25,0.0,0.09569,0.19184,0.0533,0.09489,0.8572000000000001,0.014,24.65566176
0.2135,0.0,0.17424,0.15921000000000002,0.1166,0.10436,0.7719,0.014,29.592309919999998
0.19468000000000002,0.0,0.10052,0.17017,0.0748,0.0998,0.9017999999999999,0.014,24.28334472
0.25137,0.0,0.11827,0.19294,0.0575,0.10436,0.7543,0.014,20.72564856
0.165,2e-05,0.14357,0.16381,0.0,0.10056,0.9008999999999999,0.028,26.200088
0.165,0.1285,0.1321,0.17506,0.0808,0.10057999999999999,0.7466,0.028,46.38794528
0.17803,0.1298,0.1186,0.17994,0.035699999999999996,0.10073,0.7467999999999999,0.028,39.1622368
0.16735,0.12990000000000002,0.12862,0.17546,0.0779,0.10063,0.7466,0.028,41.20308576
0.17238,0.013609999999999999,0.17237,0.15675999999999998,0.0414,0.10063,0.8563999999999999,0.028,33.68779736
0.17354,0.05005,0.17353,0.16477,0.0647,0.10062,0.7935,0.028,38.20386516
0.167,0.07540000000000001,0.167,0.16403,0.0791,0.10073,0.7701,0.028,41.40992856
0.17381,0.09337000000000001,0.15990000000000001,0.17234,0.0973,0.10072,0.7466,0.028,37.810863839999996
0.19034,0.0,0.12518,0.16661,0.09880000000000001,0.1079,0.7988999999999999,0.028,24.84871504
0.25,0.0,0.09569,0.19184,0.0533,0.09489,0.8572000000000001,0.028,27.22051248
0.2135,0.0,0.17424,0.15921000000000002,0.1166,0.10436,0.7719,0.028,44.63667624
0.19468000000000002,0.0,0.10052,0.17017,0.0748,0.0998,0.9017999999999999,0.028,37.2661778
0.25137,0.0,0.11827,0.19294,0.0575,0.10436,0.7543,0.028,33.27411176
0.165,2e-05,0.14357,0.16381,0.0,0.10056,0.9008999999999999,0.056,36.56291228
0.165,0.1285,0.1321,0.17506,0.0808,0.10057999999999999,0.7466,0.056,53.72396992
0.17803,0.1298,0.1186,0.17994,0.035699999999999996,0.10073,0.7467999999999999,0.056,48.587373719999995
0.16735,0.12990000000000002,0.12862,0.17546,0.0779,0.10063,0.7466,0.056,51.72448952
0.17238,0.013609999999999999,0.17237,0.15675999999999998,0.0414,0.10063,0.8563999999999999,0.056,35.852751999999995
0.17354,0.05005,0.17353,0.16477,0.0647,0.10062,0.7935,0.056,53.77223324
0.167,0.07540000000000001,0.167,0.16403,0.0791,0.10073,0.7701,0.056,53.46196904
0.17381,0.09337000000000001,0.15990000000000001,0.17234,0.0973,0.10072,0.7466,0.056,48.9872698
0.19034,0.0,0.12518,0.16661,0.09880000000000001,0.1079,0.7988999999999999,0.056,31.715896
0.25,0.0,0.09569,0.19184,0.0533,0.09489,0.8572000000000001,0.056,39.64487
0.2135,0.0,0.17424,0.15921000000000002,0.1166,0.10436,0.7719,0.056,51.25564584
0.19468000000000002,0.0,0.10052,0.17017,0.0748,0.0998,0.9017999999999999,0.056,43.388724679999996
0.25137,0.0,0.11827,0.19294,0.0575,0.10436,0.7543,0.056,39.2656582
0.165,2e-05,0.14357,0.16381,0.0,0.10056,0.9008999999999999,0.1,37.9556538
0.165,0.1285,0.1321,0.17506,0.0808,0.10057999999999999,0.7466,0.1,55.020184799999996
0.17803,0.1298,0.1186,0.17994,0.035699999999999996,0.10073,0.7467999999999999,0.1,49.99390476
0.16735,0.12990000000000002,0.12862,0.17546,0.0779,0.10063,0.7466,0.1,53.65502232
0.17238,0.013609999999999999,0.17237,0.15675999999999998,0.0414,0.10063,0.8563999999999999,0.1,37.6798634
0.17354,0.05005,0.17353,0.16477,0.0647,0.10062,0.7935,0.1,56.061293559999996
0.167,0.07540000000000001,0.167,0.16403,0.0791,0.10073,0.7701,0.1,56.8128224
0.17381,0.09337000000000001,0.15990000000000001,0.17234,0.0973,0.10072,0.7466,0.1,50.93848688
0.19034,0.0,0.12518,0.16661,0.09880000000000001,0.1079,0.7988999999999999,0.1,33.56369168
0.25,0.0,0.09569,0.19184,0.0533,0.09489,0.8572000000000001,0.1,41.1617172
0.2135,0.0,0.17424,0.15921000000000002,0.1166,0.10436,0.7719,0.1,52.95865156
0.19468000000000002,0.0,0.10052,0.17017,0.0748,0.0998,0.9017999999999999,0.1,44.27814872
0.25137,0.0,0.11827,0.19294,0.0575,0.10436,0.7543,0.1,40.14818748
0.446,0.024,0.079,0.162,0.1161,0.0967,0.712,0.028,57.02655996
0.446,0.024,0.079,0.162,0.1164,0.0967,0.712,0.028,44.42293868
0.446,0.024,0.079,0.162,0.1164,0.0967,0.712,0.028,51.021224
0.446,0.024,0.079,0.162,0.10300000000000001,0.0967,0.712,0.028,53.38612668
0.446,0.024,0.079,0.162,0.1161,0.0967,0.712,0.003,35.36322404
0.446,0.024,0.079,0.162,0.1164,0.0967,0.712,0.003,25.021084039999998
0.446,0.024,0.079,0.162,0.1164,0.0967,0.712,0.003,23.34565736
0.446,0.024,0.079,0.162,0.1161,0.0967,0.712,0.007,52.00717468
0.446,0.024,0.079,0.162,0.1164,0.0967,0.712,0.007,38.01770664
0.446,0.024,0.079,0.162,0.1164,0.0967,0.712,0.007,39.300132
0.446,0.024,0.079,0.162,0.1161,0.0967,0.712,0.056,61.06688932
0.446,0.024,0.079,0.162,0.1164,0.0967,0.712,0.056,56.14403068
0.446,0.024,0.079,0.162,0.1164,0.0967,0.712,0.056,55.25460664
0.446,0.024,0.079,0.162,0.10300000000000001,0.0967,0.712,0.056,54.765078679999995
0.387,0.02,0.094,0.157,0.1432,0.0938,0.845,0.028,50.23522136
0.387,0.02,0.094,0.157,0.1393,0.0938,0.845,0.028,46.68441996
0.387,0.02,0.094,0.157,0.1161,0.0938,0.845,0.028,46.68441996
0.387,0.02,0.094,0.157,0.1432,0.0938,0.845,0.003,22.752708
0.387,0.02,0.094,0.157,0.1393,0.0938,0.845,0.003,25.510612
0.387,0.02,0.094,0.157,0.1161,0.0938,0.845,0.003,34.77027468
0.387,0.02,0.094,0.157,0.1432,0.0938,0.845,0.007,36.83870268
0.387,0.02,0.094,0.157,0.1393,0.0938,0.845,0.007,45.89841732
0.387,0.02,0.094,0.157,0.1161,0.0938,0.845,0.007,41.66503468
0.387,0.02,0.094,0.157,0.1432,0.0938,0.845,0.056,56.33708396
0.387,0.02,0.094,0.157,0.1393,0.0938,0.845,0.056,47.96684532
0.387,0.02,0.094,0.157,0.1161,0.0938,0.845,0.056,61.45989064
0.355,0.019,0.097,0.145,0.1313,0.0967,0.871,0.028,44.02993736
0.355,0.019,0.097,0.145,0.1225,0.0967,0.871,0.028,55.45455468
0.491,0.026,0.123,0.21,0.0393,0.0882,0.699,0.028,55.55108132
0.491,0.026,0.123,0.201,0.0393,0.0822,0.699,0.028,57.915983999999995
0.491,0.026,0.123,0.21,0.0393,0.0882,0.699,0.003,25.60910856945864
0.491,0.026,0.123,0.21,0.0393,0.0882,0.699,0.007,33.488834284729315
0.491,0.026,0.123,0.21,0.0393,0.0882,0.699,0.056,59.590425715270676
0.491,0.026,0.123,0.201,0.0393,0.0822,0.699,0.003,29.54897143054136
0.491,0.026,0.123,0.201,0.0393,0.0822,0.699,0.007,37.92118
0.491,0.026,0.123,0.201,0.0393,0.0822,0.699,0.056,61.85584685418796
0.424,0.022,0.132,0.178,0.0848,0.0822,0.75,0.028,62.052839999999996
0.424,0.022,0.132,0.178,0.0848,0.0882,0.75,0.003,32.01138571527068
0.424,0.022,0.132,0.168,0.0892,0.0822,0.75,0.028,72.09850532
0.424,0.022,0.132,0.178,0.0848,0.0822,0.75,0.007,39.004642284729314
0.424,0.022,0.132,0.178,0.0848,0.0822,0.75,0.056,65.69721314581203
0.424,0.022,0.132,0.168,0.0892,0.0822,0.75,0.003,32.109882284729316
0.424,0.022,0.132,0.168,0.0892,0.0822,0.75,0.007,40.28509771527068
0.424,0.022,0.132,0.168,0.0892,0.0822,0.75,0.056,74.3649114581204
0.202,0.011,0.141,0.206,0.0172,0.0942,0.801,0.028,21.96670536
0.202,0.011,0.141,0.206,0.0172,0.0942,0.801,0.003,9.84965714581204
0.202,0.011,0.141,0.206,0.0172,0.0942,0.801,0.007,15.069975430541358
0.202,0.011,0.141,0.206,0.0172,0.0942,0.801,0.056,23.24519085418796
0.284,0.015,0.141,0.179,0.0546,0.0842,0.801,0.028,43.733462679999995
0.284,0.015,0.141,0.179,0.0546,0.0842,0.801,0.003,13.395533715270679
0.284,0.015,0.141,0.179,0.0546,0.0842,0.801,0.007,24.13166
0.284,0.015,0.141,0.179,0.0546,0.0842,0.801,0.056,44.520450284729314
0.359,0.019,0.141,0.154,0.1091,0.0942,0.801,0.028,62.935369279999996
0.359,0.019,0.141,0.154,0.1091,0.0942,0.801,0.028,59.494884039999995
0.359,0.019,0.141,0.154,0.1091,0.0942,0.801,0.003,25.11662571527068
0.359,0.019,0.141,0.154,0.1091,0.0942,0.801,0.003,23.639177145812038
0.359,0.019,0.141,0.154,0.1091,0.0942,0.801,0.007,35.75425543054136
0.359,0.019,0.141,0.154,0.1091,0.0942,0.801,0.007,38.610656
0.359,0.019,0.141,0.154,0.1091,0.0942,0.801,0.056,68.75060685418796
0.359,0.019,0.141,0.154,0.1091,0.0942,0.801,0.056,66.78067543054136
0.436,0.0,0.0,0.218,0.0,0.08384,0.7197,0.028,23.84897484
0.289,0.0,0.0,0.192,0.0,0.09132,0.8953,0.09,32.068218236
0.289,0.0,0.0,0.192,0.0,0.09132,0.8953,0.003,11.654902304
0.393,0.0,0.0,0.192,0.0,0.09406,0.7856000000000001,0.003,19.199148695999998
0.393,0.0,0.0,0.192,0.0,0.09406,0.7856000000000001,0.09,48.846616696
0.393,0.0,0.0,0.192,0.0,0.09406,0.7856000000000001,0.028,39.604880392
0.48,0.0,0.0,0.192,0.0,0.09362000000000001,0.7122,0.028,43.942373908
0.48,0.0,0.0,0.192,0.0,0.09362000000000001,0.7122,0.007,34.569637164
0.48,0.0,0.0,0.192,0.0,0.09362000000000001,0.7122,0.09,54.315540328
0.48,0.0,0.0,0.192,0.0,0.09362000000000001,0.7122,0.003,24.404692496
0.333,0.0,0.0,0.192,0.0,0.09312000000000001,0.8426,0.003,15.615941924
0.255,0.0,0.0,0.192,0.0,0.08897999999999999,0.945,0.09,21.859147104
0.255,0.0,0.0,0.192,0.0,0.08897999999999999,0.945,0.007,10.222171176
0.289,0.0,0.0,0.192,0.0,0.09132,0.8953,0.007,14.596896395999998
0.255,0.0,0.0,0.192,0.0,0.08897999999999999,0.945,0.028,18.746162964
0.333,0.0,0.0,0.192,0.0,0.09312000000000001,0.8426,0.028,31.966865263999996
0.333,0.0,0.0,0.192,0.0,0.09312000000000001,0.8426,0.007,23.404952295999998
0.289,0.0,0.0,0.192,0.0,0.09132,0.8953,0.028,25.573354316
0.333,0.0,0.0,0.192,0.0,0.09312000000000001,0.8426,0.09,41.680203152
0.393,0.0,0.0,0.192,0.0,0.09406,0.7856000000000001,0.007,27.742445811999996
0.255,0.0,0.0,0.192,0.0,0.08897999999999999,0.945,0.003,8.204074924
0.15880000000000002,0.2382,0.0,0.18569999999999998,0.0,0.10405999999999999,0.7343,0.007,9.617500724000001
0.2396,0.3594,0.0,0.18569999999999998,0.0,0.09416000000000001,0.6643,0.007,25.422359072
0.2382,0.15880000000000002,0.0,0.18569999999999998,0.0,0.10405999999999999,0.7343,0.007,15.691094808
0.1819,0.2728,0.0,0.18569999999999998,0.0,0.10124,0.7142999999999999,0.028,27.935499091999997
0.1935,0.2902,0.0,0.18569999999999998,0.0,0.09982,0.7042999999999999,0.028,32.626693796000005
0.2555,0.1703,0.0,0.18569999999999998,0.0,0.10265999999999999,0.7242999999999999,0.007,17.236210524
0.2728,0.1819,0.0,0.18569999999999998,0.0,0.10124,0.7142999999999999,0.007,19.765208492
0.2396,0.3594,0.0,0.18569999999999998,0.0,0.09416000000000001,0.6643,0.028,39.435269296
0.22080000000000002,0.1472,0.0,0.18569999999999998,0.0,0.1055,0.7443,0.028,25.745033839999998
0.397,0.0,0.0,0.18569999999999998,0.0,0.10405999999999999,0.7343,0.028,33.082437432
0.3825,0.0,0.0,0.18569999999999998,0.0,0.10478,0.7393,0.007,24.065470304
0.2107,0.31610000000000005,0.0,0.18569999999999998,0.0,0.0977,0.6892999999999999,0.007,21.819846971999997
0.15880000000000002,0.2382,0.0,0.18569999999999998,0.0,0.10405999999999999,0.7343,0.028,21.066249704
0.2958,0.0,0.0,0.18569999999999998,0.0,0.10914000000000001,0.7693,0.007,14.843728804
0.2555,0.1703,0.0,0.18569999999999998,0.0,0.10265999999999999,0.7242999999999999,0.028,32.051670812
0.2035,0.1357,0.0,0.18569999999999998,0.0,0.10762000000000001,0.7593,0.007,11.957582268
0.397,0.0,0.0,0.18569999999999998,0.0,0.10405999999999999,0.7343,0.007,25.447869684
0.38139999999999996,0.0,0.0,0.18569999999999998,0.0,0.11045999999999999,0.7843,0.028,22.489328168
0.2958,0.0,0.0,0.18569999999999998,0.0,0.10914000000000001,0.7693,0.028,25.216895223999998
0.228,0.3421,0.0,0.18569999999999998,0.0,0.09558,0.6742999999999999,0.028,39.699338604
0.22080000000000002,0.1472,0.0,0.18569999999999998,0.0,0.1055,0.7443,0.007,13.089012384
0.31610000000000005,0.2107,0.0,0.18569999999999998,0.0,0.0977,0.6892999999999999,0.028,38.70028788
0.1357,0.2035,0.0,0.18569999999999998,0.0,0.10762000000000001,0.7593,0.007,7.507014687999999
0.2381,0.0,0.0,0.18569999999999998,0.0,0.11188,0.7893,0.028,17.576122192
0.3392,0.0,0.0,0.18569999999999998,0.0,0.10692,0.7543,0.007,21.179323768
0.1357,0.2035,0.0,0.18569999999999998,0.0,0.10762000000000001,0.7593,0.028,18.19871902
0.1935,0.2902,0.0,0.18569999999999998,0.0,0.09982,0.7042999999999999,0.007,17.200357771999997
0.2035,0.1357,0.0,0.18569999999999998,0.0,0.10762000000000001,0.7593,0.028,22.629981272
0.2902,0.1935,0.0,0.18569999999999998,0.0,0.09982,0.7042999999999999,0.007,21.859147104
0.1819,0.2728,0.0,0.18569999999999998,0.0,0.10124,0.7142999999999999,0.007,12.37264682
0.1703,0.1555,0.0,0.18569999999999998,0.0,0.10265999999999999,0.7242999999999999,0.028,25.726417988
0.2107,0.31610000000000005,0.0,0.18569999999999998,0.0,0.0977,0.6892999999999999,0.028,37.813621743999995
0.228,0.3421,0.0,0.18569999999999998,0.0,0.09558,0.6742999999999999,0.007,21.917063088
0.2902,0.1935,0.0,0.18569999999999998,0.0,0.09982,0.7042999999999999,0.028,33.0431373
0.38139999999999996,0.0,0.0,0.18569999999999998,0.0,0.11045999999999999,0.7843,0.007,14.54104884
0.2382,0.15880000000000002,0.0,0.18569999999999998,0.0,0.10405999999999999,0.7343,0.028,26.91369566
0.18619999999999998,0.12409999999999999,0.0,0.18569999999999998,0.0,0.10834,0.7643,0.007,7.995853172
0.3392,0.0,0.0,0.18569999999999998,0.0,0.10692,0.7543,0.028,31.899986092
0.2381,0.0,0.0,0.18569999999999998,0.0,0.11188,0.7893,0.007,10.335934715999999
0.2525,0.0,0.0,0.18569999999999998,0.0,0.11116,0.7843,0.028,19.765208492
0.3825,0.0,0.0,0.18569999999999998,0.0,0.10478,0.7393,0.028,37.437857324
0.2525,0.0,0.0,0.18569999999999998,0.0,0.11116,0.7843,0.007,11.483912255999998
0.31610000000000005,0.2107,0.0,0.18569999999999998,0.0,0.0977,0.6892999999999999,0.007,24.437787344
0.18619999999999998,0.12409999999999999,0.0,0.18569999999999998,0.0,0.10834,0.7643,0.028,17.596806471999997
0.1703,0.1555,0.0,0.18569999999999998,0.0,0.10265999999999999,0.7242999999999999,0.007,10.730314988
0.2728,0.1819,0.0,0.18569999999999998,0.0,0.10124,0.7142999999999999,0.028,31.38150014
0.339,0.0,0.0,0.197,0.0,0.0968,0.781,0.003,13.22414968
0.339,0.0,0.0,0.197,0.0,0.0968,0.781,0.007,20.96696516
0.339,0.0,0.0,0.197,0.0,0.0968,0.781,0.014,27.04124872
0.339,0.0,0.0,0.197,0.0,0.0968,0.781,0.028,32.039949719999996
0.339,0.0,0.0,0.197,0.0,0.0968,0.781,0.09,35.17017076
0.339,0.0,0.0,0.197,0.0,0.0968,0.781,0.18,36.44570136
0.339,0.0,0.0,0.197,0.0,0.0968,0.781,0.365,38.89334116
0.236,0.0,0.0,0.194,0.0,0.0968,0.885,0.003,6.467284879999999
0.236,0.0,0.0,0.194,0.0,0.0968,0.885,0.014,12.83804312
0.236,0.0,0.0,0.194,0.0,0.0968,0.885,0.028,18.415903959999998
0.236,0.0,0.0,0.194,0.0,0.0968,0.885,0.09,21.946021079999998
0.236,0.0,0.0,0.193,0.0,0.0968,0.885,0.18,24.104080959999997
0.236,0.0,0.0,0.193,0.0,0.0968,0.885,0.365,25.083136879999998
0.277,0.0,0.0,0.191,0.0,0.0968,0.856,0.014,21.26343984
0.277,0.0,0.0,0.191,0.0,0.0968,0.856,0.028,25.965666159999998
0.277,0.0,0.0,0.191,0.0,0.0968,0.856,0.003,11.36256448
0.277,0.0,0.0,0.191,0.0,0.0968,0.856,0.09,31.25394708
0.277,0.0,0.0,0.191,0.0,0.0968,0.856,0.18,32.32952964
0.277,0.0,0.0,0.191,0.0,0.0968,0.856,0.36,33.70158688
0.254,0.0,0.0,0.198,0.0,0.0968,0.863,0.003,9.307926
0.254,0.0,0.0,0.198,0.0,0.0968,0.863,0.09,26.94472208
0.254,0.0,0.0,0.198,0.0,0.0968,0.863,0.18,27.62730332
0.254,0.0,0.0,0.198,0.0,0.0968,0.863,0.365,29.7853632
0.307,0.0,0.0,0.193,0.0,0.0968,0.812,0.18,34.48758952
0.307,0.0,0.0,0.193,0.0,0.0968,0.812,0.365,36.14922668
0.307,0.0,0.0,0.193,0.0,0.0968,0.812,0.003,12.541568439999999
0.307,0.0,0.0,0.193,0.0,0.0968,0.812,0.028,27.53077668
0.307,0.0,0.0,0.193,0.0,0.0968,0.812,0.09,32.922478999999996
0.236,0.0,0.0,0.193,0.0,0.0968,0.885,0.007,9.99050724
0.2,0.0,0.0,0.18,0.0,0.1125,0.845,0.007,7.8393421199999995
0.2,0.0,0.0,0.18,0.0,0.1125,0.845,0.028,12.24509376
0.225,0.0,0.0,0.181,0.0,0.1113,0.833,0.007,11.169511199999999
0.225,0.0,0.0,0.181,0.0,0.1113,0.833,0.028,17.3403214
0.325,0.0,0.0,0.184,0.0,0.1063,0.783,0.007,17.54026944
0.325,0.0,0.0,0.184,0.0,0.1063,0.783,0.028,30.57136584
0.275,0.0,0.0,0.183,0.0,0.1088,0.808,0.007,14.2032056
0.275,0.0,0.0,0.183,0.0,0.1088,0.808,0.028,24.49708228
0.3,0.0,0.0,0.184,0.0,0.1075,0.795,0.007,15.575262839999999
0.3,0.0,0.0,0.184,0.0,0.1075,0.795,0.028,26.848195439999998
0.375,0.0,0.0,0.186,0.0,0.1038,0.758,0.007,26.0621928
0.375,0.0,0.0,0.186,0.0,0.1038,0.758,0.028,38.21075992
0.4,0.0,0.0,0.187,0.0,0.1025,0.745,0.028,43.69898888
0.4,0.0,0.0,0.187,0.0,0.1025,0.745,0.007,30.143890719999998
0.25,0.0,0.0,0.182,0.0,0.11,0.82,0.007,12.73462172
0.25,0.0,0.0,0.182,0.0,0.11,0.82,0.028,20.87043852
0.35,0.0,0.0,0.186,0.0,0.105,0.77,0.007,20.27748916
0.35,0.0,0.0,0.186,0.0,0.105,0.77,0.028,34.29453624
0.2035,0.3053,0.0,0.2035,0.0,0.09634,0.63,0.007,19.539060364
0.2502,0.1668,0.0,0.2035,0.0,0.09776,0.6941,0.09,47.714497103999996
0.157,0.236,0.0,0.192,0.0,0.09354,0.7812,0.09,43.377003588
0.1413,0.212,0.0,0.2035,0.0,0.09717999999999999,0.7485,0.028,29.89223198
0.1668,0.2502,0.0,0.2035,0.0,0.09756000000000001,0.6926,0.003,6.902344236
0.1226,0.1839,0.0,0.2035,0.0,0.09582,0.8001,0.09,33.192064116000005
0.1839,0.1226,0.0,0.2035,0.0,0.09592,0.8,0.003,4.9035533120000006
0.102,0.153,0.0,0.192,0.0,0.0887,0.942,0.003,4.565020596
0.102,0.153,0.0,0.192,0.0,0.0887,0.942,0.09,25.460969728000002
0.1226,0.1839,0.0,0.2035,0.0,0.09582,0.8001,0.028,24.290928956
0.1668,0.2502,0.0,0.2035,0.0,0.09756000000000001,0.6926,0.028,33.947729812
0.2,0.133,0.0,0.192,0.0,0.09654,0.8062,0.003,11.414275179999999
0.1083,0.16240000000000002,0.0,0.2035,0.0,0.09382,0.849,0.028,20.593958644
0.3053,0.2035,0.0,0.2035,0.0,0.09654,0.631,0.007,25.893960655999997
0.1083,0.16240000000000002,0.0,0.2035,0.0,0.09382,0.849,0.09,29.231713971999998
0.116,0.173,0.0,0.192,0.0,0.09097999999999999,0.8919,0.09,31.023662096000002
0.1413,0.212,0.0,0.2035,0.0,0.09717999999999999,0.7485,0.007,10.3938507
0.157,0.236,0.0,0.192,0.0,0.09354,0.7812,0.028,33.664355176
0.133,0.2,0.0,0.192,0.0,0.09274,0.8392000000000001,0.028,27.874825204
0.2502,0.1668,0.0,0.2035,0.0,0.09776,0.6941,0.007,19.35014394
0.173,0.116,0.0,0.192,0.0,0.09468,0.8568,0.007,11.392211948
0.192,0.288,0.0,0.192,0.0,0.09298,0.7161000000000001,0.003,12.788400847999998
0.192,0.288,0.0,0.192,0.0,0.09298,0.7161000000000001,0.028,39.321505756
0.153,0.102,0.0,0.192,0.0,0.0888,0.9431,0.003,4.782205536
0.288,0.192,0.0,0.192,0.0,0.0932,0.7178,0.003,16.10960674
0.3053,0.2035,0.0,0.2035,0.0,0.09654,0.631,0.028,43.377003588
0.236,0.157,0.0,0.192,0.0,0.09726,0.7491,0.007,20.416073836
0.173,0.116,0.0,0.192,0.0,0.09468,0.8568,0.003,6.940954892
0.212,0.1413,0.0,0.2035,0.0,0.09734,0.75,0.007,15.030576799999999
0.236,0.157,0.0,0.192,0.0,0.09726,0.7491,0.003,13.565440299999999
0.1839,0.1226,0.0,0.2035,0.0,0.09592,0.8,0.09,32.53292506
0.1668,0.2502,0.0,0.2035,0.0,0.09756000000000001,0.6926,0.007,15.748321315999998
0.102,0.153,0.0,0.192,0.0,0.0887,0.942,0.007,7.675936308
0.288,0.192,0.0,0.192,0.0,0.0932,0.7178,0.028,38.804398756000005
0.212,0.1413,0.0,0.2035,0.0,0.09734,0.75,0.028,33.003837168
0.102,0.153,0.0,0.192,0.0,0.0887,0.942,0.028,17.275510655999998
0.173,0.116,0.0,0.192,0.0,0.09468,0.8568,0.028,24.281965768
0.1839,0.1226,0.0,0.2035,0.0,0.09592,0.8,0.028,24.046164976
0.133,0.2,0.0,0.192,0.0,0.09274,0.8392000000000001,0.09,36.588422892
0.192,0.288,0.0,0.192,0.0,0.09298,0.7161000000000001,0.09,50.732333556
0.133,0.2,0.0,0.192,0.0,0.09274,0.8392000000000001,0.007,13.664035367999999
0.3053,0.2035,0.0,0.2035,0.0,0.09654,0.631,0.003,14.143910664
0.236,0.157,0.0,0.192,0.0,0.09726,0.7491,0.09,47.782065751999994
0.1083,0.16240000000000002,0.0,0.2035,0.0,0.09382,0.849,0.003,2.331807832
0.157,0.236,0.0,0.192,0.0,0.09354,0.7812,0.007,16.889404096
0.288,0.192,0.0,0.192,0.0,0.0932,0.7178,0.007,23.523542168
0.212,0.1413,0.0,0.2035,0.0,0.09734,0.75,0.003,6.8085755
0.212,0.1413,0.0,0.2035,0.0,0.09734,0.75,0.09,39.700028079999996
0.153,0.102,0.0,0.192,0.0,0.0888,0.9431,0.028,17.96429718
0.236,0.157,0.0,0.192,0.0,0.09726,0.7491,0.028,32.88455782
0.116,0.173,0.0,0.192,0.0,0.09097999999999999,0.8919,0.028,22.347985588
0.1839,0.1226,0.0,0.2035,0.0,0.09592,0.8,0.007,10.787541496
0.1083,0.16240000000000002,0.0,0.2035,0.0,0.09382,0.849,0.007,7.723510152
0.2035,0.3053,0.0,0.2035,0.0,0.09634,0.63,0.028,41.684340008
0.2035,0.3053,0.0,0.2035,0.0,0.09634,0.63,0.003,9.561653168
0.133,0.2,0.0,0.192,0.0,0.09274,0.8392000000000001,0.003,6.883728383999999
0.288,0.192,0.0,0.192,0.0,0.0932,0.7178,0.09,50.526869708
0.2,0.133,0.0,0.192,0.0,0.09654,0.8062,0.007,17.165883972
0.2,0.133,0.0,0.192,0.0,0.09654,0.8062,0.028,30.439675923999996
0.2502,0.1668,0.0,0.2035,0.0,0.09776,0.6941,0.003,9.731264264
0.1226,0.1839,0.0,0.2035,0.0,0.09582,0.8001,0.003,3.31982694
0.153,0.102,0.0,0.192,0.0,0.0888,0.9431,0.09,26.322814728
0.2,0.133,0.0,0.192,0.0,0.09654,0.8062,0.09,43.25082948
0.116,0.173,0.0,0.192,0.0,0.09097999999999999,0.8919,0.003,6.280436883999999
0.173,0.116,0.0,0.192,0.0,0.09468,0.8568,0.09,32.102692036
0.2502,0.1668,0.0,0.2035,0.0,0.09776,0.6941,0.028,36.964187312
0.3053,0.2035,0.0,0.2035,0.0,0.09654,0.631,0.09,54.598914963999995
0.192,0.288,0.0,0.192,0.0,0.09298,0.7161000000000001,0.007,21.48062478
0.157,0.236,0.0,0.192,0.0,0.09354,0.7812,0.003,9.694722036
0.153,0.102,0.0,0.192,0.0,0.0888,0.9431,0.007,8.374375495999999
0.1413,0.212,0.0,0.2035,0.0,0.09717999999999999,0.7485,0.09,39.6621069
0.116,0.173,0.0,0.192,0.0,0.09097999999999999,0.8919,0.007,10.089791784
0.1413,0.212,0.0,0.2035,0.0,0.09717999999999999,0.7485,0.003,4.827710952
0.1226,0.1839,0.0,0.2035,0.0,0.09582,0.8001,0.007,10.354550567999999
0.1668,0.2502,0.0,0.2035,0.0,0.09756000000000001,0.6926,0.09,43.565230536
0.2035,0.3053,0.0,0.2035,0.0,0.09634,0.63,0.09,51.863763672
0.31,0.0,0.0,0.192,0.0,0.1012,0.83,0.003,11.85209244
0.31,0.0,0.0,0.192,0.0,0.1012,0.83,0.007,17.24379476
0.31,0.0,0.0,0.192,0.0,0.1012,0.83,0.028,27.827251359999998
0.31,0.0,0.0,0.192,0.0,0.1012,0.83,0.09,35.763120119999996
0.31,0.0,0.0,0.192,0.0,0.1012,0.83,0.12,38.70028788
0.331,0.0,0.0,0.192,0.0,0.1025,0.821,0.003,14.306626999999999
0.331,0.0,0.0,0.192,0.0,0.1025,0.821,0.007,17.43684804
0.331,0.0,0.0,0.192,0.0,0.1025,0.821,0.028,31.74347504
0.331,0.0,0.0,0.192,0.0,0.1025,0.821,0.09,37.91428524
0.331,0.0,0.0,0.192,0.0,0.1025,0.821,0.12,39.382869119999995
0.349,0.0,0.0,0.192,0.0,0.1056,0.809,0.003,15.87173752
0.349,0.0,0.0,0.192,0.0,0.1056,0.809,0.007,9.011451319999999
0.349,0.0,0.0,0.192,0.0,0.1056,0.809,0.028,33.60506024
0.349,0.0,0.0,0.192,0.0,0.1056,0.809,0.09,40.65839972
0.349,0.0,0.0,0.192,0.0,0.1056,0.809,0.12,40.85834776
0.238,0.0,0.0,0.186,0.0,0.1119,0.789,0.007,12.052040479999999
0.238,0.0,0.0,0.186,0.0,0.1119,0.789,0.028,17.54026944
0.296,0.0,0.0,0.186,0.0,0.109,0.769,0.007,18.91232668
0.296,0.0,0.0,0.186,0.0,0.109,0.769,0.028,25.17966352
0.297,0.0,0.0,0.186,0.0,0.104,0.734,0.007,30.9574724
0.48,0.0,0.0,0.192,0.0,0.0936,0.721,0.028,43.892042159999995
0.48,0.0,0.0,0.192,0.0,0.0936,0.721,0.09,54.27555072
0.397,0.0,0.0,0.186,0.0,0.104,0.734,0.028,36.93522932
0.281,0.0,0.0,0.186,0.0,0.1104,0.774,0.007,14.49968028
0.281,0.0,0.0,0.185,0.0,0.1104,0.774,0.028,22.435549039999998
0.5,0.0,0.0,0.2,0.0,0.1125,0.613,0.001,12.63809508
0.5,0.0,0.0,0.2,0.0,0.1125,0.613,0.003,26.0621928
0.5,0.0,0.0,0.2,0.0,0.1125,0.613,0.007,33.21205892
0.5,0.0,0.0,0.2,0.0,0.1125,0.613,0.014,36.93522932
0.5,0.0,0.0,0.2,0.0,0.1125,0.613,0.028,44.0919902
0.54,0.0,0.0,0.173,0.0,0.1125,0.613,0.007,52.61391356
0.54,0.0,0.0,0.173,0.0,0.1125,0.613,0.014,59.76377968
0.54,0.0,0.0,0.173,0.0,0.1125,0.613,0.028,67.30664712
0.54,0.0,0.0,0.173,0.0,0.1125,0.613,0.09,69.65776027999999
0.54,0.0,0.0,0.173,0.0,0.1125,0.613,0.18,71.62276688
0.54,0.0,0.0,0.173,0.0,0.1125,0.613,0.27,74.16693332
0.35,0.0,0.0,0.203,0.0,0.0974,0.775,0.007,18.12632404
0.35,0.0,0.0,0.203,0.0,0.0974,0.775,0.014,22.53207568
0.35,0.0,0.0,0.203,0.0,0.0974,0.775,0.028,27.337723399999998
0.35,0.0,0.0,0.203,0.0,0.0974,0.775,0.056,29.97841648
0.35,0.0,0.0,0.203,0.0,0.0974,0.775,0.09,31.35047372
0.35,0.0,0.0,0.203,0.0,0.0974,0.775,0.18,32.72253096
0.385,0.0,0.0,0.186,0.0,0.0966,0.763,0.001,6.26733684
0.385,0.0,0.0,0.186,0.0,0.0966,0.763,0.003,14.699628319999999
0.385,0.0,0.0,0.186,0.0,0.0966,0.763,0.007,23.221551679999997
0.385,0.0,0.0,0.186,0.0,0.0966,0.763,0.014,27.923778
0.385,0.0,0.0,0.186,0.0,0.0966,0.763,0.028,31.35047372
0.331,0.0,0.0,0.192,0.0,0.0978,0.825,0.18,38.99676256
0.331,0.0,0.0,0.192,0.0,0.0978,0.825,0.36,41.244454319999996
0.349,0.0,0.0,0.192,0.0,0.1047,0.806,0.003,14.98920824
0.331,0.0,0.0,0.192,0.0,0.0978,0.825,0.003,13.52062436
0.382,0.0,0.0,0.186,0.0,0.1047,0.739,0.007,24.00065956
0.382,0.0,0.0,0.186,0.0,0.1047,0.739,0.028,37.42475728
0.382,0.0,0.0,0.186,0.0,0.1111,0.784,0.007,11.46598588
0.281,0.0,0.0,0.186,0.0,0.1104,0.774,0.028,22.435549039999998
0.339,0.0,0.0,0.185,0.0,0.1069,0.754,0.007,21.160018439999998
0.339,0.0,0.0,0.185,0.0,0.1069,0.754,0.028,31.84000168
0.295,0.0,0.0,0.185,0.0,0.1069,0.769,0.007,14.796154959999999
0.295,0.0,0.0,0.185,0.0,0.1069,0.769,0.028,25.17966352
0.238,0.0,0.0,0.185,0.0,0.1118,0.789,0.028,17.54026944
0.296,0.0,0.0,0.192,0.0,0.1085,0.765,0.007,14.2032056
0.296,0.0,0.0,0.192,0.0,0.1085,0.765,0.028,21.6495464
0.296,0.0,0.0,0.192,0.0,0.1085,0.765,0.09,29.39236188
0.331,0.0,0.0,0.192,0.0,0.0879,0.825,0.003,13.52062436
0.331,0.0,0.0,0.192,0.0,0.0978,0.825,0.007,16.26473884
0.331,0.0,0.0,0.192,0.0,0.0978,0.825,0.028,31.44700036
0.331,0.0,0.0,0.192,0.0,0.0978,0.825,0.09,37.231704
0.349,0.0,0.0,0.192,0.0,0.1047,0.806,0.007,18.12632404
0.349,0.0,0.0,0.192,0.0,0.1047,0.806,0.028,32.72253096
0.349,0.0,0.0,0.192,0.0,0.1047,0.806,0.09,39.48629052
0.349,0.0,0.0,0.192,0.0,0.1047,0.806,0.18,41.05140104
0.349,0.0,0.0,0.192,0.0,0.1047,0.806,0.36,42.126983599999996
0.302,0.0,0.0,0.203,0.0,0.0974,0.817,0.014,18.12632404
0.302,0.0,0.0,0.203,0.0,0.0974,0.817,0.18,26.74477404
0.525,0.0,0.0,0.189,0.0,0.1125,0.613,0.18,61.921839559999995
0.5,0.0,0.0,0.2,0.0,0.1125,0.613,0.09,47.22221124
0.5,0.0,0.0,0.2,0.0,0.1125,0.613,0.18,51.04190828
0.5,0.0,0.0,0.2,0.0,0.1125,0.613,0.27,55.15808
0.54,0.0,0.0,0.173,0.0,0.1125,0.613,0.003,41.63745564
0.252,0.0,0.0,0.185,0.0,0.1111,0.784,0.007,13.71367764
0.252,0.0,0.0,0.185,0.0,0.1111,0.784,0.028,19.691434559999998
0.339,0.0,0.0,0.185,0.0,0.106,0.754,0.028,31.6469484
0.393,0.0,0.0,0.192,0.0,0.094,0.758,0.003,19.10537996
0.393,0.0,0.0,0.192,0.0,0.094,0.758,0.028,39.58281716
0.393,0.0,0.0,0.192,0.0,0.094,0.758,0.09,48.79421652
0.382,0.0,0.0,0.185,0.0,0.1047,0.739,0.007,24.00065956
0.382,0.0,0.0,0.185,0.0,0.1047,0.739,0.028,37.42475728
0.252,0.0,0.0,0.186,0.0,0.1111,0.784,0.007,11.46598588
0.252,0.0,0.0,0.185,0.0,0.1111,0.784,0.028,19.691434559999998
0.31,0.0,0.0,0.192,0.0,0.097,0.85,0.007,14.98920824
0.31,0.0,0.0,0.192,0.0,0.097,0.85,0.028,27.923778
0.31,0.0,0.0,0.192,0.0,0.097,0.85,0.09,34.6806428
0.31,0.0,0.0,0.192,0.0,0.097,0.85,0.18,37.32823064
0.31,0.0,0.0,0.192,0.0,0.097,0.85,0.36,38.11423328
0.525,0.0,0.0,0.189,0.0,0.1125,0.613,0.003,33.79811352
0.525,0.0,0.0,0.189,0.0,0.1125,0.613,0.007,42.42345828
0.525,0.0,0.0,0.189,0.0,0.1125,0.613,0.014,48.401215199999996
0.525,0.0,0.0,0.189,0.0,0.1125,0.613,0.028,55.94408264
0.525,0.0,0.0,0.189,0.0,0.1125,0.613,0.09,58.78472376
0.525,0.0,0.0,0.189,0.0,0.1125,0.613,0.27,67.11359384
0.322,0.0,0.0,0.203,0.0,0.0974,0.8,0.014,20.77391188
0.322,0.0,0.0,0.203,0.0,0.0974,0.8,0.028,25.17966352
0.322,0.0,0.0,0.203,0.0,0.0974,0.8,0.18,29.58541516
0.302,0.0,0.0,0.203,0.0,0.0974,0.817,0.028,21.7529678
0.397,0.0,0.0,0.185,0.0,0.104,0.734,0.028,39.0932892
0.48,0.0,0.0,0.192,0.0,0.0936,0.721,0.003,24.39366088
0.522,0.0,0.0,0.146,0.0,0.0896,0.896,0.007,50.511011759999995
0.522,0.0,0.0,0.146,0.0,0.0896,0.896,0.028,74.98740975999999
0.273,0.105,0.082,0.21,0.09,0.0904,0.68,0.028,37.16965116
0.162,0.19,0.148,0.179,0.19,0.0838,0.741,0.028,33.75674496
0.154,0.144,0.112,0.22,0.1,0.0923,0.658,0.028,16.49916068
0.147,0.115,0.089,0.202,0.09,0.086,0.829,0.028,19.98790924
0.152,0.178,0.139,0.168,0.18,0.0944,0.695,0.028,36.34917472
0.31,0.143,0.111,0.168,0.22,0.0914,0.651,0.028,33.68779736
0.144,0.0,0.175,0.158,0.18,0.0943,0.844,0.028,15.41668336
0.304,0.14,0.0,0.214,0.06,0.0895,0.722,0.028,33.41890172
0.374,0.0,0.0,0.19,0.07,0.1013,0.73,0.028,39.05192064
0.159,0.149,0.116,0.175,0.15,0.0953,0.72,0.028,27.67556664
0.153,0.239,0.0,0.2,0.06,0.1002,0.684,0.028,26.8550902
0.31,0.143,0.0,0.168,0.1,0.0914,0.804,0.028,45.2985732
0.305,0.0,0.1,0.196,0.1,0.0959,0.705,0.028,30.12320644
0.151,0.0,0.184,0.167,0.12,0.0991,0.772,0.028,15.568368079999999
0.142,0.167,0.13,0.174,0.11,0.0883,0.785,0.028,44.6090972
0.298,0.137,0.107,0.201,0.06,0.0878,0.655,0.028,53.52402188
0.321,0.164,0.0,0.19,0.05,0.087,0.774,0.028,57.21271848
0.366,0.187,0.0,0.191,0.07,0.0824,0.757,0.028,65.90701084
0.28,0.129,0.1,0.172,0.09,0.0825,0.805,0.028,52.82075636
0.252,0.097,0.076,0.194,0.08,0.0835,0.821,0.028,33.398217439999996
0.165,0.0,0.15,0.182,0.12,0.1023,0.729,0.028,18.0297974
0.156,0.243,0.0,0.18,0.11,0.1022,0.698,0.028,37.36270444
0.16,0.188,0.146,0.203,0.11,0.0829,0.71,0.028,32.83974188
0.298,0.0,0.107,0.186,0.06,0.0879,0.815,0.028,42.63719584
0.318,0.0,0.126,0.21,0.06,0.0861,0.737,0.028,40.0585556
0.287,0.121,0.094,0.188,0.09,0.0904,0.696,0.028,41.940825079999996
0.326,0.166,0.0,0.174,0.09,0.0882,0.79,0.028,61.232363559999996
0.356,0.0,0.142,0.193,0.11,0.0801,0.778,0.028,40.865242519999995
0.132,0.207,0.161,0.179,0.05,0.0867,0.736,0.028,33.301690799999996
0.322,0.149,0.0,0.186,0.08,0.0951,0.709,0.028,52.42086028
0.164,0.0,0.2,0.181,0.13,0.0849,0.846,0.028,15.08573488
0.314,0.0,0.113,0.17,0.1,0.0925,0.783,0.028,38.45897128
0.321,0.0,0.128,0.182,0.11,0.087,0.78,0.028,37.25928304
0.14,0.164,0.128,0.237,0.06,0.0869,0.656,0.028,35.225328839999996
0.288,0.121,0.0,0.177,0.07,0.0908,0.829,0.028,42.13387836
0.298,0.0,0.107,0.21,0.11,0.088,0.744,0.028,31.874475479999997
0.265,0.111,0.086,0.195,0.06,0.0833,0.79,0.028,41.540929
0.16,0.25,0.0,0.168,0.12,0.1049,0.688,0.028,39.45181672
0.166,0.26,0.0,0.183,0.13,0.0859,0.827,0.028,37.91428524
0.276,0.116,0.09,0.18,0.09,0.087,0.768,0.028,44.27814872
0.322,0.0,0.116,0.196,0.1,0.0818,0.813,0.028,31.17810472
0.149,0.139,0.109,0.193,0.06,0.0892,0.78,0.028,23.69039536
0.159,0.187,0.0,0.176,0.11,0.099,0.789,0.028,32.763899519999995
0.261,0.1,0.078,0.201,0.09,0.0864,0.761,0.028,32.39847724
0.237,0.092,0.071,0.247,0.06,0.0853,0.695,0.028,28.62704352
0.313,0.0,0.113,0.178,0.08,0.1002,0.689,0.028,36.80422888
0.155,0.183,0.0,0.193,0.09,0.1047,0.697,0.028,18.28490352
0.146,0.23,0.0,0.202,0.03,0.0827,0.872,0.028,33.0603742
0.296,0.0,0.107,0.221,0.11,0.0819,0.778,0.028,31.419421319999998
0.133,0.21,0.0,0.196,0.03,0.0949,0.795,0.028,31.026419999999998
0.313,0.145,0.0,0.178,0.08,0.0867,0.824,0.028,44.38846488
0.152,0.0,0.112,0.184,0.08,0.0992,0.816,0.028,12.17614616
0.153,0.145,0.113,0.178,0.08,0.1002,0.689,0.028,25.55887532
0.14,0.133,0.103,0.2,0.07,0.0916,0.753,0.028,36.4388066
0.149,0.236,0.0,0.176,0.13,0.0847,0.893,0.028,32.956952799999996
0.3,0.0,0.12,0.212,0.1,0.0878,0.728,0.028,23.83518532
0.153,0.145,0.113,0.178,0.08,0.0867,0.824,0.028,26.22766704
0.148,0.0,0.137,0.158,0.16,0.1002,0.83,0.028,17.95395504
0.326,0.0,0.138,0.199,0.11,0.0801,0.792,0.028,40.679083999999996
0.153,0.145,0.0,0.178,0.08,0.1,0.822,0.028,19.00885332
0.262,0.111,0.086,0.195,0.05,0.0895,0.733,0.028,33.7153764
0.158,0.0,0.195,0.22,0.11,0.0898,0.713,0.028,8.53571288
0.151,0.0,0.185,0.167,0.16,0.1074,0.678,0.028,13.45857152
0.273,0.0,0.09,0.199,0.11,0.0931,0.762,0.028,32.23989776
0.149,0.118,0.092,0.183,0.07,0.0953,0.78,0.028,23.51802636
0.143,0.169,0.143,0.191,0.08,0.0967,0.643,0.028,29.72331036
0.26,0.101,0.078,0.171,0.1,0.0936,0.763,0.028,49.77327244
0.313,0.161,0.0,0.178,0.1,0.0917,0.759,0.028,52.44154456
0.284,0.12,0.0,0.168,0.07,0.097,0.794,0.028,40.93419012
0.336,0.0,0.0,0.182,0.03,0.0986,0.817,0.028,44.86420332
0.145,0.0,0.134,0.181,0.11,0.0979,0.812,0.028,13.19657064
0.15,0.237,0.0,0.174,0.12,0.1069,0.675,0.028,37.431652039999996
0.144,0.17,0.133,0.192,0.08,0.0814,0.805,0.028,29.86810032
0.331,0.17,0.0,0.195,0.08,0.0811,0.802,0.028,56.61287436
0.155,0.0,0.143,0.193,0.09,0.1047,0.697,0.028,12.45883132
0.155,0.183,0.0,0.193,0.09,0.0877,0.868,0.028,23.786922
0.135,0.0,0.166,0.18,0.1,0.0961,0.805,0.028,13.29309728
0.266,0.112,0.087,0.178,0.1,0.091,0.745,0.028,39.417342919999996
0.314,0.145,0.113,0.179,0.08,0.0869,0.69,0.028,46.2293658
0.313,0.145,0.0,0.127,0.08,0.1,0.822,0.028,44.51946532
0.146,0.173,0.0,0.182,0.03,0.0986,0.817,0.028,23.73865868
0.144,0.136,0.106,0.178,0.07,0.0941,0.774,0.028,26.14492992
0.148,0.0,0.182,0.181,0.15,0.0839,0.884,0.028,15.520104759999999
0.277,0.117,0.091,0.191,0.07,0.0946,0.666,0.028,43.5748832
0.298,0.0,0.107,0.164,0.13,0.0953,0.784,0.028,35.85964676
0.313,0.145,0.0,0.178,0.08,0.1002,0.689,0.028,41.05140104
0.155,0.184,0.143,0.194,0.09,0.088,0.699,0.028,28.98557104
0.289,0.134,0.0,0.195,0.06,0.0924,0.76,0.028,46.24315532
0.148,0.175,0.0,0.171,0.02,0.1,0.828,0.028,26.91714304
0.145,0.0,0.179,0.202,0.08,0.0824,0.869,0.028,10.53519328
0.313,0.0,0.0,0.178,0.08,0.1,0.822,0.028,25.0969264
0.136,0.162,0.126,0.172,0.1,0.0923,0.764,0.028,29.06830816
0.155,0.0,0.143,0.193,0.09,0.0877,0.868,0.028,9.735401119999999
0.255,0.099,0.077,0.189,0.06,0.0919,0.749,0.028,33.79811352
0.162,0.207,0.172,0.216,0.1,0.0822,0.638,0.028,39.84481804
0.136,0.196,0.098,0.199,0.06,0.0847,0.783,0.028,26.96540636
0.164,0.163,0.128,0.197,0.08,0.0961,0.641,0.028,27.234302
0.162,0.214,0.164,0.202,0.1,0.082,0.68,0.028,30.647208199999998
0.157,0.214,0.152,0.2,0.09,0.0819,0.704,0.028,33.05347944
0.149,0.153,0.194,0.192,0.08,0.0935,0.623,0.028,24.579819399999998
0.135,0.105,0.193,0.196,0.06,0.0965,0.643,0.028,21.91154728
0.159,0.209,0.161,0.201,0.07,0.0848,0.669,0.028,30.881630039999997
0.144,0.015,0.195,0.176,0.06,0.1021,0.709,0.028,15.340841
0.154,0.174,0.185,0.228,0.07,0.0845,0.612,0.028,24.3385028
0.167,0.187,0.195,0.185,0.07,0.0898,0.636,0.028,23.8903434
0.184,0.086,0.19,0.213,0.06,0.0923,0.623,0.028,22.93197176
0.156,0.178,0.187,0.221,0.07,0.0854,0.614,0.028,29.41304616
0.2369,0.0917,0.0715,0.2469,0.06,0.08528999999999999,0.6954,0.028,28.629801423999997
0.3133,0.0,0.113,0.1785,0.08,0.10019,0.6887000000000001,0.028,36.804918356
0.15480000000000002,0.1834,0.0,0.1933,0.091,0.10474000000000001,0.6967000000000001,0.028,18.287661424
0.1459,0.2305,0.0,0.2025,0.034,0.0827,0.8717999999999999,0.028,32.720462532
0.296,0.0,0.1067,0.2214,0.105,0.08192,0.7784,0.028,31.420110796000003
0.1331,0.2102,0.0,0.19569999999999999,0.031,0.09494,0.7953,0.028,28.937997196
0.3133,0.145,0.0,0.1785,0.08,0.08672,0.824,0.028,40.925226931999994
0.15159999999999998,0.0,0.1119,0.1844,0.079,0.0992,0.8159,0.028,12.180972492
0.15309999999999999,0.145,0.113,0.1785,0.08,0.10019,0.6887000000000001,0.028,25.559564796
0.1399,0.1326,0.1033,0.2003,0.07400000000000001,0.0916,0.7534,0.028,36.443632932
0.1495,0.236,0.0,0.1758,0.126,0.08467999999999999,0.8927,0.028,32.96384756
0.2998,0.0,0.1198,0.2115,0.099,0.08782000000000001,0.7276,0.028,23.835874796
0.15309999999999999,0.145,0.113,0.1785,0.08,0.08672,0.824,0.028,26.233182848000002
0.14809999999999998,0.0,0.1366,0.1581,0.161,0.10017999999999999,0.8301000000000001,0.028,17.959470848000002
0.3265,0.0,0.1379,0.199,0.10800000000000001,0.08011,0.7925,0.028,38.630650804
0.1527,0.1447,0.0,0.17809999999999998,0.08,0.09997,0.8222,0.028,19.009542795999998
0.26189999999999997,0.1105,0.0861,0.19540000000000002,0.05,0.08952,0.7326,0.028,33.71882378
0.1584,0.0,0.19490000000000002,0.21969999999999998,0.11,0.08977,0.7129,0.028,8.536402356
0.1507,0.0,0.18530000000000002,0.1667,0.156,0.10745,0.678,0.028,13.461329424
0.2726,0.0,0.0896,0.1987,0.106,0.09312999999999999,0.7622000000000001,0.028,32.245413568000004
0.149,0.1176,0.0917,0.1829,0.071,0.09534,0.7803,0.028,23.524231644
0.143,0.1694,0.1427,0.19069999999999998,0.084,0.09673999999999999,0.6435,0.028,29.726068263999995
0.25989999999999996,0.1006,0.07840000000000001,0.1706,0.10400000000000001,0.09357,0.7629,0.028,49.77327244
0.31289999999999996,0.1605,0.0,0.1776,0.096,0.09166,0.7595,0.028,52.446370892
0.284,0.1197,0.0,0.1683,0.07200000000000001,0.09704,0.7942,0.028,40.934879596
0.3365,0.0,0.0,0.1819,0.034,0.09858,0.8168,0.028,44.868340176000004
0.1448,0.0,0.1336,0.18080000000000002,0.111,0.09795,0.8115,0.028,13.202086448
0.15,0.2368,0.0,0.1738,0.11900000000000001,0.10693,0.6748,0.028,37.431652039999996
0.1437,0.1702,0.1326,0.1916,0.085,0.08141,0.8052999999999999,0.028,29.870858223999996
0.3305,0.1696,0.0,0.19490000000000002,0.081,0.0811,0.8022999999999999,0.028,56.619079643999996
0.15480000000000002,0.0,0.1428,0.1933,0.091,0.10474000000000001,0.6967000000000001,0.028,12.459520796
0.15480000000000002,0.1834,0.0,0.1933,0.091,0.08772,0.8677,0.028,23.786922
0.1347,0.0,0.1657,0.1802,0.1,0.0961,0.8049,0.028,13.293786756
0.2662,0.1123,0.0875,0.1779,0.10400000000000001,0.09097000000000001,0.7445,0.028,39.421479776
0.314,0.1453,0.11320000000000001,0.1789,0.08,0.08691,0.6902,0.028,46.234192132
0.3127,0.1447,0.0,0.1273,0.08,0.09997,0.8222,0.028,44.523602176000004
0.1457,0.1726,0.0,0.1819,0.034,0.09858,0.8168,0.028,23.744174488
0.1438,0.1363,0.1062,0.17809999999999998,0.075,0.09415,0.7743,0.028,26.147687824
0.14809999999999998,0.0,0.18209999999999998,0.1814,0.15,0.08388999999999999,0.8843,0.028,15.526310044
0.277,0.1168,0.091,0.1906,0.07,0.09465,0.6656,0.028,43.57833058
0.29810000000000003,0.0,0.1075,0.1636,0.128,0.09532,0.784,0.028,35.86585204399999
0.3133,0.145,0.0,0.1785,0.08,0.10019,0.6887000000000001,0.028,41.053469468
0.15519999999999998,0.1839,0.1432,0.1938,0.092,0.08796,0.6985,0.028,28.991086848000002
0.289,0.13369999999999999,0.0,0.19490000000000002,0.055,0.09241,0.7601,0.028,46.247292176
0.14780000000000001,0.1751,0.0,0.1712,0.022000000000000002,0.1,0.8285,0.028,26.922658848
0.1454,0.0,0.1789,0.2017,0.078,0.0824,0.8687,0.028,10.535882756
0.3127,0.0,0.0,0.17809999999999998,0.08,0.09997,0.8222,0.028,25.10382116
0.1364,0.1616,0.1258,0.1716,0.10400000000000001,0.09226000000000001,0.7644,0.028,29.073134491999998
0.15480000000000002,0.0,0.1428,0.1933,0.091,0.08772,0.8677,0.028,9.738159024
0.2553,0.0988,0.077,0.1886,0.065,0.0919,0.7493,0.028,33.798802996
0.2728,0.1051,0.0818,0.2097,0.09,0.0904,0.6797000000000001,0.028,37.171030112
0.162,0.1901,0.14809999999999998,0.17880000000000001,0.188,0.08381,0.7414,0.028,33.762260768
0.1536,0.1442,0.1123,0.2201,0.10099999999999999,0.09232,0.6578999999999999,0.028,16.503987012
0.1465,0.1146,0.08929999999999999,0.2019,0.08800000000000001,0.086,0.8295,0.028,19.98790924
0.15180000000000002,0.17809999999999998,0.1387,0.1675,0.183,0.0944,0.6946,0.028,36.349864196
0.30989999999999995,0.1428,0.11120000000000001,0.1678,0.221,0.09139,0.6512,0.028,38.215586251999994
0.1436,0.0,0.1749,0.1584,0.179,0.09427,0.8445,0.028,15.42357812
0.30360000000000004,0.1399,0.0,0.2135,0.062,0.08955,0.7225,0.028,33.419591196
0.3743,0.0,0.0,0.19019999999999998,0.067,0.10132000000000001,0.7303999999999999,0.028,39.056057496
0.1586,0.1489,0.116,0.1751,0.15,0.09533,0.7197,0.028,27.681082448
0.15259999999999999,0.2387,0.0,0.2,0.063,0.10017999999999999,0.6839,0.028,26.859916531999996
0.31,0.1428,0.0,0.1679,0.1,0.09143,0.804,0.028,45.304778483999996
0.3048,0.0,0.0996,0.196,0.098,0.09594,0.7052,0.028,30.12320644
0.1509,0.0,0.1839,0.1666,0.11599999999999999,0.09912,0.7722,0.028,15.569747031999999
0.1419,0.1666,0.12969999999999998,0.1735,0.109,0.08826,0.7853,0.028,44.61185510399999
0.2978,0.1372,0.10690000000000001,0.2013,0.06,0.08784,0.6553,0.028,53.524711356
0.32130000000000003,0.16419999999999998,0.0,0.1905,0.046,0.087,0.774,0.028,57.21823428799999
0.366,0.187,0.0,0.1913,0.066,0.08242999999999999,0.7569,0.028,65.909079268
0.2798,0.12890000000000001,0.1004,0.1724,0.095,0.08251,0.8049,0.028,52.826961643999994
0.2521,0.09709999999999999,0.0756,0.1938,0.083,0.08355,0.8214,0.028,33.399596392
0.1646,0.0,0.1504,0.18159999999999998,0.11699999999999999,0.10232999999999999,0.7289,0.028,18.033934256
0.1556,0.2435,0.0,0.18030000000000002,0.107,0.1022,0.6977000000000001,0.028,37.363393916
0.16019999999999998,0.188,0.1464,0.2032,0.113,0.08287,0.7097,0.028,35.314271244
0.29810000000000003,0.0,0.107,0.1864,0.061,0.0879,0.8152,0.028,42.6440906
0.31789999999999996,0.0,0.1265,0.2097,0.057,0.08605,0.7366,0.028,40.062002979999995
0.2873,0.1205,0.09390000000000001,0.1876,0.092,0.09043999999999999,0.6959,0.028,43.798273423999994
0.3256,0.1664,0.0,0.174,0.08900000000000001,0.08816,0.79,0.028,61.23581094
0.3559,0.0,0.1416,0.1933,0.11,0.08014,0.7784,0.028,40.8686899
0.132,0.2065,0.16090000000000002,0.1789,0.055,0.08669,0.7356,0.028,33.306517131999996
0.3225,0.14859999999999998,0.0,0.18580000000000002,0.085,0.0951,0.7095,0.028,52.426376088
0.16419999999999998,0.0,0.2001,0.1812,0.126,0.08492999999999999,0.846,0.028,15.091250688
0.3138,0.0,0.11259999999999999,0.1699,0.10099999999999999,0.09253,0.7828999999999999,0.028,38.461039708
0.32139999999999996,0.0,0.1279,0.1825,0.115,0.08701,0.7797000000000001,0.028,37.265488323999996
0.1397,0.16390000000000002,0.1277,0.2367,0.057999999999999996,0.08686,0.6556000000000001,0.028,35.225328839999996
0.2884,0.121,0.0,0.1774,0.07,0.09079,0.8295,0.028,42.14008364399999
0.29819999999999997,0.0,0.107,0.2097,0.111,0.08796,0.7442000000000001,0.028,31.875164956000003
0.2645,0.111,0.0865,0.1955,0.059000000000000004,0.08326,0.7904,0.028,41.542307951999994
0.1598,0.25,0.0,0.1684,0.122,0.10493,0.6882,0.028,39.455953576
0.166,0.2597,0.0,0.1832,0.127,0.08588,0.8268,0.028,37.917043144
0.2764,0.116,0.09029999999999999,0.17959999999999998,0.08900000000000001,0.08701,0.7683,0.028,44.284354003999994
0.3222,0.0,0.1156,0.196,0.10400000000000001,0.08179,0.8134,0.028,31.178794196000002
0.1485,0.1394,0.10859999999999999,0.19269999999999998,0.061,0.08924,0.78,0.028,23.696600644
0.1591,0.18669999999999998,0.0,0.1756,0.113,0.09896,0.7888999999999999,0.028,32.768036376000005
0.26089999999999997,0.1005,0.0783,0.2006,0.086,0.08645,0.7615,0.028,32.401235144
